program,program_link,program_rate,state,iso/rto,ba,comp,util,load ,trigger,region,season,sm,em,dow,min_days,max_events,max_days,min_dur,max_dur,start_time,end_time,events_daily,max_consec,max_hours,notif_type,notif_time,notif_delt,base_method,hist_pres,pay_function,elig
Interruptible Power at Secondary Voltage (Alaska),https://www.chugachelectric.com/system/files/regulatory_affairs/North_District_Operating_Tariff_-_Electric.pdf#page=88condary-voltage,rate,AK,other,other,Chugach,elec,any,n/a,west,year_round,1,12,any ,n/a,n/a,n/a,n/a,n/a,n/a,n/a,n/a,n/a,n/a,n/a,n/a,n/a,"n/a (power company interrupts operators service itself, the operator does not choose how much to reduce load by)",no,Demand charge is eliminated  as customers are willing to have their load interrupted at any time ,Must have peak loads of at least 100kW and no larger than 10 MW
Peak Solutions ProgramnDay Ahead (Arizona),https://cpowerenergy.com/aps/,program,AZ,CAISO,AZPS,APS,elec,any,non_economic,west,summer,6,9,any ,n/a,n/a,n/a,1,5,16,21,n/a,3,n/a,day_ahead,12,n/a,n/a,no,Capacity Payment of $32 per kW and energy payment of $0.09 per kWh ,n/a
Peak Solutions Program Day Of(Arizona),https://cpowerenergy.com/aps/,program ,AZ,CAISO,AZPS,APS,elec,any,non_economic,west,summer,6,9,any ,n/a,n/a,n/a,1,5,16,21,n/a,3,n/a,day_of,n/a,1,n/a,no,Capacity Payment of $40 per kW and energy payment of $0.09 per kWh ,n/a
Interruptible Service Program (Arizona),https://docs.tep.com/wp-content/uploads/712-Rider-12-Interruptible-Service.pdf,rate,AZ,CAISO,TEPC,Tuscon Electric Power,elec,any,both,west,summer,5,9,any ,n/a,n/a,n/a,1,6,16,21,2,n/a,120,day_of,n/a,1,n/a,no,Customers receive a monthly billing credit. This is calculated by multiplying the Market Value Capacity Price (MVCP) for the 5 summer months x the customer's nominated interruptible load.,Must have a load of at least 3000 kW and be willing to shed at least 1000 kW
Smart Demand Response Program (Arizona),https://www.tep.com/smart-demand-response/,program,AZ,CAISO,TEPC,Tuscon Electric Power,elec,any,non_economic,west,n/a,n/a,n/a,n/a,n/a,n/a,n/a,n/a,n/a,n/a,n/a,n/a,n/a,n/a,n/a,n/a,n/a,Average hourly load from 10 pervious weekdays/ non-holidays during which a DR event occurred,no,n/a,n/a
Base Interruptible Program (15) (California),https://www.pge.com/tariffs/assets/pdf/tariffbook/ELEC_SCHEDS_E-BIP.pdf,program,CA,CAISO,CISO,PG&E,elec,any,non_economic,west,year_round,1,12,any ,n/a,n/a,10,n/a,6,n/a,n/a,1,n/a,180,day_of,n/a,0.25,Use at average monthly demand during on-peak hours (excluding during DR events) for summer. Average monthly demand during assessment hours for winter. Average partial-peak hours (excluding DR events) for partial-peak hours,yes,"Monthly payment with a payment structure that depends on the season, the range of load reduction (kW), and the notification time. Summer season has higher incentives and shorter notification time also has higher incentives. The penalty for failing to reduce load is an increase in excess energy charge. ",Must have at least 100kW peak demand (during summer peak or winter partial-peak). Also must be enrolled in a PG&E non-residential electric demand time-of-use program. 
Base Interruptible Program (30) (California),https://www.pge.com/tariffs/assets/pdf/tariffbook/ELEC_SCHEDS_E-BIP.pdf,program,CA,CAISO,CISO,PG&E,elec,any,non_economic,west,year_round,1,12,any ,n/a,n/a,10,n/a,6,n/a,n/a,1,n/a,180,day_of,n/a,0.5,Use at average monthly demand during on-peak hours (excluding during DR events) for summer. Average monthly demand during assessment hours for winter. Average partial-peak hours (excluding DR events) for partial-peak hours,yes,"Monthly payment with a payment structure that depends on the season, the range of load reduction (kW), and the notification time. Summer season has higher incentives and shorter notification time also has higher incentives. The penalty for failing to reduce load is an increase in excess energy charge. ",Must have at least 100kW peak demand (during summer peak or winter partial-peak). Also must be enrolled in a PG&E non-residential electric demand time-of-use program. 
Emergency Load Reduction Program (day of) (California),https://www.cpuc.ca.gov/industries-and-topics/electrical-energy/electric-costs/demand-response-dr/emergency-load-reduction-program,program,CA,CAISO,CISO,PG&E,elec,any,non_economic,west,summer,5,10,any ,n/a,n/a,n/a,1,5,16,21,1,n/a,60,day_of,n/a,n/a,Average hourly power usage for 10 previous weekdays,yes,Fixed rate of $2 per kWh reduced for non-residential customers. (no penalty),All customers eligible
Emergency Load Reduction Program (day ahead) (California),https://www.cpuc.ca.gov/industries-and-topics/electrical-energy/electric-costs/demand-response-dr/emergency-load-reduction-program,program,CA,CAISO,CISO,PG&E,elec,any,non_economic,west,summer,5,10,any ,n/a,n/a,n/a,1,5,16,21,1,n/a,60,day_ahead,15,25,Average hourly power usage for 10 previous weekdays,yes,Fixed rate of $2 per kWh reduced for non-residential customers. (no penalty),All customers eligible
"Reliability Demand Response Resource Real Time (FMM, summer) (California)",https://www.caiso.com/library/reliability-demand-response-product,program,CA,CAISO,CISO,CAISO,elec,any,non_economic,west,summer,6,9,any ,n/a,15,n/a,1,4,n/a,n/a,n/a,n/a,96,day_of,n/a,0.25,Average hourly power usage for 10 previous weekdays,no,Dependent on the ISO market ,Must curtail at least 500kW of energy 
"Reliability Demand Response Resource Real Time (RTD, summer) (California)",https://www.caiso.com/library/reliability-demand-response-product,program,CA,CAISO,CISO,CAISO,elec,any,non_economic,west,summer,6,9,any ,n/a,15,n/a,1,4,n/a,n/a,n/a,n/a,96,day_of,n/a,0.083,Average hourly power usage for 10 previous weekdays,no,Dependent on the ISO market ,Must curtail at least 500kW of energy 
Reliability Demand Response Resource Day Ahead (Summer)(California),https://www.caiso.com/library/reliability-demand-response-product,program,CA,CAISO,CISO,CAISO,elec,any,non_economic,west,summer,6,9,any ,n/a,n/a,n/a,n/a,n/a,n/a,n/a,n/a,n/a,n/a,day_ahead,n/a,n/a,Average hourly power usage for 10 previous weekdays,no,Dependent on the ISO market ,Must curtail at least 500kW of energy 
"Reliability Demand Response Resource Real Time (FMM,  winter) (California)",https://www.caiso.com/library/reliability-demand-response-product,program,CA,CAISO,CISO,CAISO,elec,any,non_economic,west,winter,10,5,any ,n/a,15,n/a,1,4,n/a,n/a,n/a,n/a,96,day_of,n/a,0.25,Average hourly power usage for 10 previous weekdays,no,Dependent on the ISO market ,Must curtail at least 500kW of energy 
"Reliability Demand Response Resource Real Time (RTD, winter) (California)",https://www.caiso.com/library/reliability-demand-response-product,program,CA,CAISO,CISO,CAISO,elec,any,non_economic,west,winter,10,5,any ,n/a,15,n/a,1,4,n/a,n/a,n/a,n/a,96,day_of,n/a,0.083,Average hourly power usage for 10 previous weekdays,no,Dependent on the ISO market ,Must curtail at least 500kW of energy 
Reliability Demand Response Resource Day Ahead (Winter) (California),https://www.caiso.com/library/reliability-demand-response-product,program,CA,CAISO,CISO,CAISO,elec,any,non_economic,west,winter,10,5,any ,n/a,n/a,n/a,n/a,n/a,n/a,n/a,n/a,n/a,n/a,day_ahead,n/a,n/a,Average hourly power usage for 10 previous weekdays,no,Dependent on the ISO market ,Must curtail at least 500kW of energy 
Optional Binding Mandatory Curtailment Plan (California),https://www.pge.com/tariffs/assets/pdf/tariffbook/ELEC_SCHEDS_E-OBMC.pdf,program ,CA,CAISO,CISO,PG&E,elec,any,non_economic,west,year_round,1,12,any ,n/a,n/a,n/a,n/a,n/a,n/a,n/a,n/a,n/a,n/a,day_of,n/a,0.25,"Average energy usage 10 days prior to event day or ""day-of-adjustment"" of baseline based on that morning's energy usage",no,"No payment incentive, but penalty is as follows: penalty is $6.00 per KWH times the average total load on the applicable circuit less than the required maximum load level, which is measured during each half-hour of the rotating outage",Must be able to reduce load by 15% of baseline 
Scheduled Load Reduction Program (California),"https://www.sce.com/sites/default/files/custom-files/docs/PDF/NR569V20810_SLRP.pdf?MOD=AJPERES#:~:text=With%20SLRP%2C%20you%20can%20receive,June%201%20through%20September%2030.",program ,CA,CAISO,CISO,SCE,elec,any,n/a,west,summer,6,9,weekdays,n/a,n/a,n/a,n/a,n/a,8,20,n/a,n/a,n/a,prescheduled,n/a,n/a,Average hourly power usage for 10 previous weekdays or day-of adjustment ,no,$0.10 per kWh billing credit,Must have at least 100kW monthly average demand and willing to reduce load by 15% 
PowerDirect® Automated Demand Response Program (day of) (California),https://www.smud.org/Business-Solutions-and-Rebates/PowerDirect-Technology,program ,CA,CAISO,BANC,SMUD,elec,any,non_economic,west,summer,6,9,weekdays,8,12,n/a,1,4,14,18,n/a,3,n/a,day_of,n/a,0.5,Average hourly load from 10 pervious weekdays/ non-holidays during which a DR event occurred,no,"$175 per kW measured by the average of the two consecutive hours with the highest reduction of load during an event. If the second hour is less than 50% of the first hour, use a four hour average. ",Demand should be at least 300kW and be willing to reduce by 50kW and 5% of peak demand 
PowerDirect® Automated Demand Response Program (day ahead) (California),https://www.smud.org/Business-Solutions-and-Rebates/PowerDirect-Technology,program ,CA,CAISO,BANC,SMUD,elec,any,non_economic,west,summer,6,9,any ,8,12,n/a,1,4,14,18,n/a,3,n/a,day_ahead,n/a,n/a,Average hourly load from 10 pervious weekdays/ non-holidays during which a DR event occurred,no,"$175 per kW measured by the average of the two consecutive hours with the highest reduction of load during an event. If the second hour is less than 50% of the first hour, use a four hour average. ",Demand should be at least 300kW and be willing to reduce by 50kW and 5% of peak demand 
LADWP Demand Response Program (day ahead) (California),https://www.ladwp.com/commercial-services/programs-and-rebates-commercial/demand-response-program?_adf_ctrl-state=13gm5tydk4_4&_afrLoop=34978116252524,program ,CA,CAISO,LDWP,LADWP,elec,any,non_economic,west,summer,6,10,weekdays,n/a,12,n/a,n/a,4,13,18,1,n/a,n/a,day_ahead,12,25,Average of the three highest energy usage days over the past 10 weekdays,no,"Event incentive is the same for both day ahead and day of program and determined by monthly performance and made based on 6 events per season each 4 hours in duration. For day of program, $12/kw payment made monthly. Customers also receive $0.25 per kWh curtailed. ",Must be able to reduce load by at least 100kW
LADWP Demand Response Program (day of)  (California),https://www.ladwp.com/commercial-services/programs-and-rebates-commercial/demand-response-program?_adf_ctrl-state=13gm5tydk4_4&_afrLoop=34978116252524,program ,CA,CAISO,LDWP,LADWP,elec,any,non_economic,west,summer,6,10,weekdays,n/a,12,n/a,n/a,4,13,18,1,n/a,n/a,day_of,n/a,2,Average of the three highest energy usage days over the past 10 weekdays,no,"Event incentive is the same for both day ahead and day of program and determined by monthly performance and made based on 6 events per season each 4 hours in duration. For day ahead program, $8/kw payment made monthly. Customers also receive $0.25 per kWh curtailed. ",Must be able to reduce load by at least 100kW
"Interruptible Service Option Credit 40hr (unconstrained, summer) (Colorado)",https://co.my.xcelenergy.com/s/business/rate-plans/interruptible-service-option,program ,CO,SPP,PSCO,Xcel Energy,elec,any,non_economic,west,summer,6,9,weekdays,n/a,n/a,n/a,n/a,n/a,n/a,n/a,n/a,n/a,40,day_of,n/a,0.167,Median maximum hourly demands daily from noon to 8pm on weekdays of June 1st through September 30th the previous year ,yes,"Billing credit rate differs between season, constrained vs. unconstrained, and secondary vs. primary vs. transimssion (not sure what that means) ",Must have at least 300 kW of interruptible demand 
"Interruptible Service Option Credit 40hr (constrained, summer) (Colorado)",https://co.my.xcelenergy.com/s/business/rate-plans/interruptible-service-option,program ,CO,SPP,PSCO,Xcel Energy,elec,any,non_economic,west,summer,6,9,weekdays,n/a,n/a,n/a,n/a,4,n/a,n/a,1,n/a,40,day_of,n/a,0.167,Median maximum hourly demands daily from noon to 8pm on weekdays of June 1st through September 30th the previous year ,yes,"Billing credit rate differs between season, constrained vs. unconstrained, and secondary vs. primary vs. transimssion (not sure what that means) ",Must have at least 300 kW of interruptible demand 
"Interruptible Service Option Credit 80hr (unconstrained, summer) (Colorado)",https://co.my.xcelenergy.com/s/business/rate-plans/interruptible-service-option,program ,CO,SPP,PSCO,Xcel Energy,elec,any,non_economic,west,summer,6,9,weekdays,n/a,n/a,n/a,n/a,n/a,n/a,n/a,n/a,n/a,80,day_of,n/a,0.167,Median maximum hourly demands daily from noon to 8pm on weekdays of June 1st through September 30th the previous year ,yes,"Billing credit rate differs between season, constrained vs. unconstrained, and secondary vs. primary vs. transimssion (not sure what that means) ",Must have at least 300 kW of interruptible demand 
"Interruptible Service Option Credit 80hr (constrained, summer) (Colorado)",https://co.my.xcelenergy.com/s/business/rate-plans/interruptible-service-option,program ,CO,SPP,PSCO,Xcel Energy,elec,any,non_economic,west,summer,6,9,weekdays,n/a,n/a,n/a,n/a,4,n/a,n/a,1,n/a,80,day_of,n/a,0.167,Median maximum hourly demands daily from noon to 8pm on weekdays of June 1st through September 30th the previous year ,yes,"Billing credit rate differs between season, constrained vs. unconstrained, and secondary vs. primary vs. transimssion (not sure what that means) ",Must have at least 300 kW of interruptible demand 
"Interruptible Service Option Credit 160hr (unconstrained, summer) (Colorado)",https://co.my.xcelenergy.com/s/business/rate-plans/interruptible-service-option,program ,CO,SPP,PSCO,Xcel Energy,elec,any,non_economic,west,summer,6,9,weekdays,n/a,n/a,n/a,n/a,n/a,n/a,n/a,n/a,n/a,160,day_of,n/a,0.167,Median maximum hourly demands daily from noon to 8pm on weekdays of June 1st through September 30th the previous year ,yes,"Billing credit rate differs between season, constrained vs. unconstrained, and secondary vs. primary vs. transimssion (not sure what that means) ",Must have at least 300 kW of interruptible demand 
"Interruptible Service Option Credit 160hr (constrained, summer) (Colorado)",https://co.my.xcelenergy.com/s/business/rate-plans/interruptible-service-option,program ,CO,SPP,PSCO,Xcel Energy,elec,any,non_economic,west,summer,6,9,weekdays,n/a,n/a,n/a,n/a,4,n/a,n/a,1,n/a,160,day_of,n/a,0.167,Median maximum hourly demands daily from noon to 8pm on weekdays of June 1st through September 30th the previous year ,yes,"Billing credit rate differs between season, constrained vs. unconstrained, and secondary vs. primary vs. transimssion (not sure what that means) ",Must have at least 300 kW of interruptible demand 
"Interruptible Service Option Credit 40hr (unconstrained, winter) (Colorado)",https://co.my.xcelenergy.com/s/business/rate-plans/interruptible-service-option,program ,CO,SPP,PSCO,Xcel Energy,elec,any,non_economic,west,winter,10,5,weekdays,n/a,n/a,n/a,n/a,n/a,n/a,n/a,n/a,n/a,40,day_of,n/a,0.167,Median maximum hourly demands daily from noon to 8pm on weekdays of June 1st through September 30th the previous year ,yes,"Billing credit rate differs between season, constrained vs. unconstrained, and secondary vs. primary vs. transimssion (not sure what that means) ",Must have at least 300 kW of interruptible demand 
"Interruptible Service Option Credit 40hr (constrained, winter) (Colorado)",https://co.my.xcelenergy.com/s/business/rate-plans/interruptible-service-option,program ,CO,SPP,PSCO,Xcel Energy,elec,any,non_economic,west,winter,10,5,weekdays,n/a,n/a,n/a,n/a,4,n/a,n/a,1,n/a,40,day_of,n/a,0.167,Median maximum hourly demands daily from noon to 8pm on weekdays of June 1st through September 30th the previous year ,yes,"Billing credit rate differs between season, constrained vs. unconstrained, and secondary vs. primary vs. transimssion (not sure what that means) ",Must have at least 300 kW of interruptible demand 
"Interruptible Service Option Credit 80hr (unconstrained, winter) (Colorado)",https://co.my.xcelenergy.com/s/business/rate-plans/interruptible-service-option,program ,CO,SPP,PSCO,Xcel Energy,elec,any,non_economic,west,winter,10,5,weekdays,n/a,n/a,n/a,n/a,n/a,n/a,n/a,n/a,n/a,80,day_of,n/a,0.167,Median maximum hourly demands daily from noon to 8pm on weekdays of June 1st through September 30th the previous year ,yes,"Billing credit rate differs between season, constrained vs. unconstrained, and secondary vs. primary vs. transimssion (not sure what that means) ",Must have at least 300 kW of interruptible demand 
"Interruptible Service Option Credit 80hr (constrained, winter) (Colorado)",https://co.my.xcelenergy.com/s/business/rate-plans/interruptible-service-option,program ,CO,SPP,PSCO,Xcel Energy,elec,any,non_economic,west,winter,10,5,weekdays,n/a,n/a,n/a,n/a,4,n/a,n/a,1,n/a,80,day_of,n/a,0.167,Median maximum hourly demands daily from noon to 8pm on weekdays of June 1st through September 30th the previous year ,yes,"Billing credit rate differs between season, constrained vs. unconstrained, and secondary vs. primary vs. transimssion (not sure what that means) ",Must have at least 300 kW of interruptible demand 
"Interruptible Service Option Credit 160hr (unconstrained, winter) (Colorado)",https://co.my.xcelenergy.com/s/business/rate-plans/interruptible-service-option,program ,CO,SPP,PSCO,Xcel Energy,elec,any,non_economic,west,winter,10,5,weekdays,n/a,n/a,n/a,n/a,n/a,n/a,n/a,n/a,n/a,160,day_of,n/a,0.167,Median maximum hourly demands daily from noon to 8pm on weekdays of June 1st through September 30th the previous year ,yes,"Billing credit rate differs between season, constrained vs. unconstrained, and secondary vs. primary vs. transimssion (not sure what that means) ",Must have at least 300 kW of interruptible demand 
"Interruptible Service Option Credit 160hr (constrained, winter) (Colorado)",https://co.my.xcelenergy.com/s/business/rate-plans/interruptible-service-option,program ,CO,SPP,PSCO,Xcel Energy,elec,any,non_economic,west,winter,10,5,weekdays,n/a,n/a,n/a,n/a,4,n/a,n/a,1,n/a,160,day_of,n/a,0.167,Median maximum hourly demands daily from noon to 8pm on weekdays of June 1st through September 30th the previous year ,yes,"Billing credit rate differs between season, constrained vs. unconstrained, and secondary vs. primary vs. transimssion (not sure what that means) ",Must have at least 300 kW of interruptible demand 
Peak Partner Rewards (Colorado),https://www.xcelenergy.com/staticfiles/xe-responsive/Energy%20Solutions/Business%20Solutions/23-01-503_CO-PeakPartnerRwrds_agree_P02%20final.pdf,program ,CO,SPP,PSCO,Xcel Energy,elec,any,both,west,summer,6,9,weekdays,n/a,15,n/a,n/a,4,12,20,1,n/a,60,day_of,n/a,1,"Average of the measured demand during 15 minutes of the last 5 highest energy consumption days within the last 10 non-holiday, non-weekend, non-event days. ",no,Reservation incentive calculated by multiplying monthly load reduction obligation by reservation incentive kilowatt rate. Also performance incentivethat can be received if the customer exceeds their load reduction obligation. Both are billing credits. ,Must have at least 25 kW of interruptible demand each month between June and September 
Peak Day Partners (Colorado),https://www.xcelenergy.com/staticfiles/xe-responsive/Programs%20and%20Rebates/Business/CO-PeakDayPartner-Agreement.pdf,program ,CO,SPP,PSCO,Xcel Energy,elec,any,non_economic,west,year_round,1,12,any ,n/a,n/a,n/a,1,6,n/a,n/a,n/a,n/a,n/a,day_of,n/a,1,"Average of the measured demand during 15 minutes of the last 5 highest energy consumption days within the last 10 non-holiday, non-weekend, non-event days. ",no,Performance incentive billing credit based on each hour of load reduction ,Must be able to reduce demand by at least 500 kW
Fast Demand Response(40) (Hawaii),https://www.hawaiianelectric.com/documents/products_and_services/customer_incentive_programs/att_a_dr_program_rules_6_0.pdf,program ,HI,other,other,Hawaiian Electric,elec,any,both,west,year_round,1,12,weekdays,n/a,40,n/a,n/a,1,7,21,n/a,n/a,n/a,day_of,n/a,0.167,Average usage  over 10 days within 5 minute intervals,no,"$5.00 per kW based on nominated load and $0.50 per kW load reduced. Both are billing credits. Nominated load shifted for poor performance, which could lead to a loss in incentive money. ",Must have demand of at least 200 kW and reduce at least 50 kW of load
Fast Demand Response (80) (Hawaii),https://www.hawaiianelectric.com/documents/products_and_services/customer_incentive_programs/att_a_dr_program_rules_6_0.pdf,program ,HI,other,other,Hawaiian Electric,elec,any,both,west,year_round,1,12,weekdays,n/a,80,n/a,n/a,1,7,21,n/a,n/a,n/a,day_of,n/a,0.167,Average usage  over 10 days within 5 minute intervals,no,"$10.00 per kW based on nominated load and $0.50 per kW load reduced. Both are billing credits. Nominated load shifted for poor performance, which could lead to a loss in incentive money. ",Must have demand of at least 200 kW and reduce at least 50 kW of load
Flex Peak (Idaho),https://www.idahopower.com/energy-environment/ways-to-save/savings-for-your-business/flex-peak/,program ,ID,CAISO,IPCO,Idaho Power ,elec,any,non_economic,west,summer,6,9,weekdays ,n/a,n/a,n/a,2,4,15,22,n/a,n/a,60,day_of ,n/a,4,n/a,yes,"Average season performance percentage is calculated by dividing average load reduction by the average event week nomination. Fixed capacity payment rate depends on the range of average season performance percentage that the customer falls within (this number is multiplied by the number of weeks in the season). After the first 4 events of the season, a variable payment of $0.20 kWh is possible to receive. ",Must be able to reduce at least 20 kW during an event and have at least 3 events per season
Interruptible Power Service (Idaho),https://www.rockymountainpower.net/content/dam/pcorp/documents/en/rockymountainpower/rates-regulation/idaho/rates/024_Interruptible_Power_Service.pdf,rate,ID,other,PACE,Rocky Mountain Power,elec,any,both,west,n/a,n/a,n/a,n/a,n/a,n/a,n/a,n/a,n/a,n/a,n/a,n/a,n/a,n/a,n/a,n/a,n/a,n/a,no,n/a,Must have a load of at least 1000 kW
Electric Rate Savings Tier 1 (Minnesota),https://mn.my.xcelenergy.com/s/business/rate-plans/electric-rate-savings,program ,MN,MISO,MISO,Xcel Energy,elec,wide range ,non_economic,west,year_round,1,12,any ,n/a,n/a,n/a,n/a,n/a,n/a,n/a,n/a,n/a,150,day_of,n/a,n/a,n/a,yes,Penalty for not curtailing is $8 per kW in excess of predetermined demand level. Discount is applied to controllable demand (higher discount for summer). ,Must be able to reduce load by at least 50 kW
Electric Rate Savings Tier 2 (Minnesota),https://mn.my.xcelenergy.com/s/business/rate-plans/electric-rate-savings,program ,MN,MISO,MISO,Xcel Energy,elec,wide range ,non_economic,west,year_round,1,12,any ,n/a,n/a,n/a,4,8,n/a,n/a,n/a,n/a,150,day_of,n/a,n/a,n/a,yes,Penalty for not curtailing is $10 per kW in excess of predetermined demand level. Discount is applied to controllable demand (higher discount for summer),Must be able to reduce load by at least 50 kW
Peak Partner Rewards (Minnesota),https://www.xcelenergy.com/staticfiles/xe-responsive/Energy%20Solutions/Business%20Solutions/23-01-503_CO-PeakPartnerRwrds_agree_P02%20final.pdf,program ,MN,MISO,MISO,Xcel Energy,elec,any,both,west,summer,6,9,weekdays,n/a,15,n/a,n/a,4,12,20,1,n/a,60,day_of,n/a,1,"Average of the measured demand during 15 minutes of the last 5 highest energy consumption days within the last 10 non-holiday, non-weekend, non-event days. ",no,Reservation incentive calculated by multiplying monthly load reduction obligation by reservation incentive kilowatt rate. Also performance incentivethat can be received if the customer exceeds their load reduction obligation. Both are billing credits. ,Must have at least 25 kW of interruptible demand each month between June and September 
Demand Response Resources Program (Montana) ,https://cpowerenergymanagement.com/wp-content/uploads/2019/11/MDU_Snapshot_Nov2019.pdf,program ,MT,MISO,MIAO,CPower and Montant-Dakota Utilities Co.,elec,any,economic,west,year_round,1,12,any ,n/a,n/a,n/a,n/a,4,n/a,n/a,n/a,n/a,50,day_of,n/a,1,n/a,no,Capacity payment based on customer's nomination ($35 per kW-year annual payment). Energy payment of $0.20 per kWh reduced for the first 4 hours of an event If there have been less than 50 hours dispatched for the year. Proportional penalty if load reduction falls below 50% of the customer's nomination. ,Must be able to reduce at least 50 kW of load
Interruptible Large Power Demand Response (Montana) ,https://www.montana-dakota.com/wp-content/uploads/PDFs/Rates-Tariffs/Montana/Electric/MTElectric38.pdf,rate,MT,MISO,MIAO,Montana-Dakota Utilities Co. ,elec,any,n/a,west,year_round,1,12,any ,n/a,n/a,n/a,n/a,n/a,n/a,n/a,n/a,n/a,100,day_of,n/a,0.167,n/a,no,Reinbursment price for load curtailment will be agreed upon between the customer and the company. Penalty for non-performance will be ~$10.00 per kW of non-performance. ,Must have a demand of at least 500kW 
Emergency  Curtailable 467E (Nebraska) ,https://www.oppd.com/media/207840/oppd-rate-manual.pdf#page=77,rate,NE,SPP,SWPP,Omaha Public Power District ,elec,any,n/a,west,summer,6,9,any ,n/a,n/a,n/a,n/a,8,12,22,n/a,n/a,n/a,day_of,n/a,1,n/a,no,Billing credit of $10.25 kW/day. Penalty for failing to reduce by 100kW is forfeiting credits,Must be able to reduce load by at least 100kW 
Voluntary Curtailable 467V (Nebraska) ,https://www.oppd.com/media/207840/oppd-rate-manual.pdf#page=78,rate,NE,SPP,SWPP,Omaha Public Power District ,elec,any,n/a,west,summer,6,9,any ,n/a,n/a,n/a,n/a,8,12,22,n/a,n/a,n/a,day_of,n/a,1,n/a,no,Billing credit of $5.12 kW/day. Penalty for failing to reduce by 100kW is forfeiting credits,Must be able to reduce load by at least 100kW 
General Service Leased Capacity Option (Nebraska),https://www.oppd.com/media/207840/oppd-rate-manual.pdf#page=77,rate,NE,SPP,SWPP,Omaha Public Power District ,elec,any,both,west,summer,6,9,weekdays,n/a,n/a,n/a,n/a,4,10,n/a,n/a,n/a,n/a,day_of,15,2,n/a,no,Capacity credit of $3.10 /kW of leased capacity and energy credit of $0.16 /kWh  (monthly billing credits). Credits can be suspended for failure to make leased capacity available. ,Must be able to reduce load by at least 100kW 
General Service/Large General Service Curtailment (Nebraska) ,https://www.oppd.com/media/207840/oppd-rate-manual.pdf#page=72,rate,NE,SPP,SWPP,Omaha Public Power District ,elec,any,both,west,summer,6,9,weekdays,n/a,n/a,n/a,n/a,10,12,22,n/a,n/a,100,day_of,15,2,Average load for the hours during which OPPD's load was within 90% of OPPD's annual peak (recent historical load) ,no,Billing credit based on how much energy is curtailed along with the max capacity curtailment of 100 kW,Must be able to reduce load by at least 500kW 
General Service/Large General Service Curtailment 467H (Nebraska) ,https://www.oppd.com/media/207840/oppd-rate-manual.pdf#page=73,rate,NE,SPP,SWPP,Omaha Public Power District ,elec,any,both,west,summer,6,9,weekdays,n/a,n/a,n/a,n/a,10,12,22,n/a,n/a,100,day_of,15,2,Average load for the hours during which OPPD's load was within 90% of OPPD's annual peak (recent historical load) ,no,Billing credit based on how much energy is curtailed along with the max capacity curtailment of 100 kW,"Must be able to reduce load by at least 10,000kW "
Energy Curtailment Service Rider (Nebraska) ,https://assets.website-files.com/5a26c42ac0c9b0000147937c/5baa93263ae0680ee48a5412_EnergyCurtailment.pdf,rate,NE,SPP,MISO,Nebraska Public Power District ,elec,any,both,west,year_round,1,12,any ,n/a,n/a,n/a,1,12,n/a,n/a,n/a,n/a,n/a,day_of,n/a,n/a,n/a,no,"The credit rate ($/kW) will be offered by the company. It will be credited to the customer based on the percent of the committed load that is reduced. If the customer reduces less than 90% of the committed load, the credit will be the actual load reduction x the offered load reduction price plus the difference between 90% of the committed load reduction and the actual reduced load x 200% of the offer price. If the customer reduces between 90% and 110% of the committed load reduction, they will be credited based on their actual reduced load x the offer price. If the customer reduces above 110% of their committed load, they will be credited 110% of their committed load x the offered price. Penalty is removal from the rate schedule. ",Must be able to reduce load by at least 50 kW 
Interruptible Service Rider (Nebraska) ,https://assets.website-files.com/5a26c42ac0c9b0000147937c/5c41e75a8a209f83181c2a65_InterruptibleServiceRider.pdf,rate,NE,SPP,MISO,Nebraska Public Power District ,elec,any,both,west,year_round,1,12,any ,n/a,n/a,n/a,n/a,n/a,n/a,n/a,n/a,n/a,100,day_of,n/a,2,Determined by service agreement,no,50% off of the excess demand charges during the 1st 12 months in the program. (come back to this),Must have a non-firm contract demand of at least 10 MW and a firm contract demand of at least 25% of non-firm contract demand
PNM Peak Saver (New Mexico),https://www.pnm.com/documents/28767635/28809714/10170C-EN+-+FAQ_PNM.pdf/f6cb89d9-3182-2bd1-55ad-77a15e781d02?t=1601133835113,program ,NM,CAISO,PNM,Public Service Company of New Mexico,elec,non-essential ,non_economic,west,summer,6,9,weekdays,n/a,n/a,n/a,n/a,4,8,20,n/a,n/a,100,day_of,n/a,0.167,"""One-minute interval load data is used to calculate load impacts using a customer baseline (“CBL”) method""""""",yes,Annual incentive paytment based on how much electricity demand is curtailed. (not much detail) ,Must have a peak demand greater than 50 kW and on specific rates
"Interruptible Credit Option (1-hour notice, 40hrs, year round) (New Mexico)",https://www.xcelenergy.com/staticfiles/xe/Regulatory/Regulatory%20PDFs/rates/NM/nm_sps_e_entire.pdf,rate,NM,SPP,SWPP,Xcel Energy,elec,any,both,west,year_round,1,12,any ,n/a,n/a,n/a,4,n/a,n/a,n/a,1,n/a,40,day_of,n/a,1,Median of max 30 minute integrated  demands  between the hours of 12:00 pm and 8:00 pm weekdays between June 1 and September 30 of the prior year,no,"Monthly billing credits calculated by monthly credit rate (mcr) x lesser of customer's CIL or the interruptible demand. MCR equations are different for winter and summer:  Summer (June 1 - September 30) Monthly Credit, per kW - month: MCR = [$7.75 x Ca x Nf) +(Av x Ha)] x Slfx 130% Winter (October 1 - May 30) Monthly Credit  per kW - month: MCR = [$7.75 x Ca x Nf) +(Av x Ha)] x Slf x 85%  (each variable is defined and outlined in the link i provided)""",Must have a load of at least 300 kW during summer 
"Interruptible Credit Option (no notice, 40hrs, year round) (New Mexico)",https://www.xcelenergy.com/staticfiles/xe/Regulatory/Regulatory%20PDFs/rates/NM/nm_sps_e_entire.pdf,rate,NM,SPP,SWPP,Xcel Energy,elec,any,both,west,year_round,1,12,any ,n/a,n/a,n/a,4,n/a,n/a,n/a,1,n/a,40,day_of,n/a,0,Median of max 30 minute integrated  demands  between the hours of 12:00 pm and 8:00 pm weekdays between June 1 and September 30 of the prior year,no,"Monthly billing credits calculated by monthly credit rate (mcr) x lesser of customer's CIL or the interruptible demand. MCR equations are different for winter and summer:  Summer (June 1 - September 30) Monthly Credit, per kW - month: MCR = [$7.75 x Ca x Nf) +(Av x Ha)] x Slfx 130% Winter (October 1 - May 30) Monthly Credit  per kW - month: MCR = [$7.75 x Ca x Nf) +(Av x Ha)] x Slf x 85%  (each variable is defined and outlined in the link i provided)""",Must have a load of at least 300 kW during summer 
"Interruptible Credit Option (1-hour notice, 80hrs, year round) (New Mexico)",https://www.xcelenergy.com/staticfiles/xe/Regulatory/Regulatory%20PDFs/rates/NM/nm_sps_e_entire.pdf,rate,NM,SPP,SWPP,Xcel Energy,elec,any,both,west,year_round,1,12,any ,n/a,n/a,n/a,4,n/a,n/a,n/a,1,n/a,80,day_of,n/a,1,Median of max 30 minute integrated  demands  between the hours of 12:00 pm and 8:00 pm weekdays between June 1 and September 30 of the prior year,no,"Monthly billing credits calculated by monthly credit rate (mcr) x lesser of customer's CIL or the interruptible demand. MCR equations are different for winter and summer:  Summer (June 1 - September 30) Monthly Credit, per kW - month: MCR = [$7.75 x Ca x Nf) +(Av x Ha)] x Slfx 130% Winter (October 1 - May 30) Monthly Credit  per kW - month: MCR = [$7.75 x Ca x Nf) +(Av x Ha)] x Slf x 85%  (each variable is defined and outlined in the link i provided)""",Must have a load of at least 300 kW during summer 
"Interruptible Credit Option (no notice, 80hrs, year round) (New Mexico)",https://www.xcelenergy.com/staticfiles/xe/Regulatory/Regulatory%20PDFs/rates/NM/nm_sps_e_entire.pdf,rate,NM,SPP,SWPP,Xcel Energy,elec,any,both,west,year_round,1,12,any ,n/a,n/a,n/a,4,n/a,n/a,n/a,1,n/a,80,day_of,n/a,0,Median of max 30 minute integrated  demands  between the hours of 12:00 pm and 8:00 pm weekdays between June 1 and September 30 of the prior year,no,"Monthly billing credits calculated by monthly credit rate (mcr) x lesser of customer's CIL or the interruptible demand. MCR equations are different for winter and summer:  Summer (June 1 - September 30) Monthly Credit, per kW - month: MCR = [$7.75 x Ca x Nf) +(Av x Ha)] x Slfx 130% Winter (October 1 - May 30) Monthly Credit per kW - month: MCR = [$7.75 x Ca x Nf) +(Av x Ha)] x Slf x 85%  (each variable is defined and outlined in the link i provided)""",Must have a load of at least 300 kW during summer 
"Interruptible Credit Option (1-hour notice, 160hrs, year round) (New Mexico)",https://www.xcelenergy.com/staticfiles/xe/Regulatory/Regulatory%20PDFs/rates/NM/nm_sps_e_entire.pdf,rate,NM,SPP,SWPP,Xcel Energy,elec,any,both,west,year_round,1,12,any ,n/a,n/a,n/a,4,n/a,n/a,n/a,1,n/a,160,day_of,n/a,1,Median of max 30 minute integrated  demands  between the hours of 12:00 pm and 8:00 pm weekdays between June 1 and September 30 of the prior year,no,"Monthly billing credits calculated by monthly credit rate (mcr) x lesser of customer's CIL or the interruptible demand. MCR equations are different for winter and summer:  Summer (June 1 - September 30) Monthly Credit, per kW - month: MCR = [$7.75 x Ca x Nf) +(Av x Ha)] x Slfx 130% Winter (October 1 - May 30) Monthly Credit  per kW - month: MCR = [$7.75 x Ca x Nf) +(Av x Ha)] x Slf x 85%  (each variable is defined and outlined in the link i provided)""",Must have a load of at least 300 kW during summer 
"Interruptible Credit Option (no notice, 160hrs, year round) (New Mexico)",https://www.xcelenergy.com/staticfiles/xe/Regulatory/Regulatory%20PDFs/rates/NM/nm_sps_e_entire.pdf,rate,NM,SPP,SWPP,Xcel Energy,elec,any,both,west,year_round,1,12,any ,n/a,n/a,n/a,4,n/a,n/a,n/a,1,n/a,160,day_of,n/a,0,Median of max 30 minute integrated  demands  between the hours of 12:00 pm and 8:00 pm weekdays between June 1 and September 30 of the prior year,no,"Monthly billing credits calculated by monthly credit rate (mcr) x lesser of customer's CIL or the interruptible demand. MCR equations are different for winter and summer:  Summer (June 1 - September 30) Monthly Credit, per kW - month: MCR = [$7.75 x Ca x Nf) +(Av x Ha)] x Slfx 130% Winter (October 1 - May 30) Monthly Credit  per kW - month: MCR = [$7.75 x Ca x Nf) +(Av x Ha)] x Slf x 85%  (each variable is defined and outlined in the link i provided)""",Must have a load of at least 300 kW during summer 
"Interruptible Credit Option (1-hour notice, 40hrs, summer) (New Mexico)",https://www.xcelenergy.com/staticfiles/xe/Regulatory/Regulatory%20PDFs/rates/NM/nm_sps_e_entire.pdf,rate,NM,SPP,SWPP,Xcel Energy,elec,any,both,west,summer,6,9,any ,n/a,n/a,n/a,4,n/a,n/a,n/a,1,n/a,40,day_of,n/a,1,Median of max 30 minute integrated  demands  between the hours of 12:00 pm and 8:00 pm weekdays between June 1 and September 30 of the prior year,no,"Monthly billing credits calculated by monthly credit rate (mcr) x lesser of customer's CIL or the interruptible demand. MCR equations are different for winter and summer:  Summer (June 1 - September 30) Monthly Credit, per kW - month: MCR = [$7.75 x Ca x Nf) +(Av x Ha)] x Slfx 130% Winter (October 1 - May 30) Monthly Credit  per kW - month: MCR = [$7.75 x Ca x Nf) +(Av x Ha)] x Slf x 85%  (each variable is defined and outlined in the link i provided)""",Must have a load of at least 300 kW during summer 
"Interruptible Credit Option (no notice, 40hrs, summer) (New Mexico)",https://www.xcelenergy.com/staticfiles/xe/Regulatory/Regulatory%20PDFs/rates/NM/nm_sps_e_entire.pdf,rate,NM,SPP,SWPP,Xcel Energy,elec,any,both,west,summer,6,9,any ,n/a,n/a,n/a,4,n/a,n/a,n/a,1,n/a,40,day_of,n/a,0,Median of max 30 minute integrated  demands  between the hours of 12:00 pm and 8:00 pm weekdays between June 1 and September 30 of the prior year,no,"Monthly billing credits calculated by monthly credit rate (mcr) x lesser of customer's CIL or the interruptible demand. MCR equations are different for winter and summer:  Summer (June 1 - September 30) Monthly Credit, per kW - month: MCR = [$7.75 x Ca x Nf) +(Av x Ha)] x Slfx 130% Winter (October 1 - May 30) Monthly Credit  per kW - month: MCR = [$7.75 x Ca x Nf) +(Av x Ha)] x Slf x 85%  (each variable is defined and outlined in the link i provided)""",Must have a load of at least 300 kW during summer 
"Interruptible Credit Option (1-hour notice, 80hrs, summer) (New Mexico)",https://www.xcelenergy.com/staticfiles/xe/Regulatory/Regulatory%20PDFs/rates/NM/nm_sps_e_entire.pdf,rate,NM,SPP,SWPP,Xcel Energy,elec,any,both,west,summer,6,9,any ,n/a,n/a,n/a,4,n/a,n/a,n/a,1,n/a,80,day_of,n/a,1,Median of max 30 minute integrated  demands  between the hours of 12:00 pm and 8:00 pm weekdays between June 1 and September 30 of the prior year,no,"Monthly billing credits calculated by monthly credit rate (mcr) x lesser of customer's CIL or the interruptible demand. MCR equations are different for winter and summer:  Summer (June 1 - September 30) Monthly Credit, per kW - month: MCR = [$7.75 x Ca x Nf) +(Av x Ha)] x Slfx 130% Winter (October 1 - May 30) Monthly Credit  per kW - month: MCR = [$7.75 x Ca x Nf) +(Av x Ha)] x Slf x 85%  (each variable is defined and outlined in the link i provided)""",Must have a load of at least 300 kW during summer 
"Interruptible Credit Option (no notice, 80hrs, summer) (New Mexico)",https://www.xcelenergy.com/staticfiles/xe/Regulatory/Regulatory%20PDFs/rates/NM/nm_sps_e_entire.pdf,rate,NM,SPP,SWPP,Xcel Energy,elec,any,both,west,summer,6,9,any ,n/a,n/a,n/a,4,n/a,n/a,n/a,1,n/a,80,day_of,n/a,0,Median of max 30 minute integrated  demands  between the hours of 12:00 pm and 8:00 pm weekdays between June 1 and September 30 of the prior year,no,"Monthly billing credits calculated by monthly credit rate (mcr) x lesser of customer's CIL or the interruptible demand. MCR equations are different for winter and summer:  Summer (June 1 - September 30) Monthly Credit, per kW - month: MCR = [$7.75 x Ca x Nf) +(Av x Ha)] x Slfx 130% Winter (October 1 - May 30) Monthly Credit  per kW - month: MCR = [$7.75 x Ca x Nf) +(Av x Ha)] x Slf x 85%  (each variable is defined and outlined in the link i provided)""",Must have a load of at least 300 kW during summer 
"Interruptible Credit Option (1-hour notice, 160hrs, summer) (New Mexico)",https://www.xcelenergy.com/staticfiles/xe/Regulatory/Regulatory%20PDFs/rates/NM/nm_sps_e_entire.pdf,rate,NM,SPP,SWPP,Xcel Energy,elec,any,both,west,summer,6,9,any ,n/a,n/a,n/a,4,n/a,n/a,n/a,1,n/a,160,day_of,n/a,1,Median of max 30 minute integrated  demands  between the hours of 12:00 pm and 8:00 pm weekdays between June 1 and September 30 of the prior year,no,"Monthly billing credits calculated by monthly credit rate (mcr) x lesser of customer's CIL or the interruptible demand. MCR equations are different for winter and summer:  Summer (June 1 - September 30) Monthly Credit, per kW - month: MCR = [$7.75 x Ca x Nf) +(Av x Ha)] x Slfx 130% Winter (October 1 - May 30) Monthly Credit  per kW - month: MCR = [$7.75 x Ca x Nf) +(Av x Ha)] x Slf x 85%  (each variable is defined and outlined in the link i provided)""",Must have a load of at least 300 kW during summer 
"Interruptible Credit Option (no notice, 160hrs, summer) (New Mexico)",https://www.xcelenergy.com/staticfiles/xe/Regulatory/Regulatory%20PDFs/rates/NM/nm_sps_e_entire.pdf,rate,NM,SPP,SWPP,Xcel Energy,elec,any,both,west,summer,6,9,any ,n/a,n/a,n/a,4,n/a,n/a,n/a,1,n/a,160,day_of,n/a,0,Median of max 30 minute integrated  demands  between the hours of 12:00 pm and 8:00 pm weekdays between June 1 and September 30 of the prior year,no,"Monthly billing credits calculated by monthly credit rate (mcr) x lesser of customer's CIL or the interruptible demand. MCR equations are different for winter and summer:  Summer (June 1 - September 30) Monthly Credit, per kW - month:",Must have a load of at least 300 kW during summer 
Voluntary Load Reduction Purchase Option (New Mexico) ,https://www.xcelenergy.com/staticfiles/xe/Regulatory/Regulatory%20PDFs/rates/NM/nm_sps_e_entire.pdf,rate,NM,SPP,SWPP,Xcel Energy,elec,any,non_economic,west,summer,6,9,n/a,n/a,n/a,n/a,n/a,n/a,n/a,n/a,n/a,n/a,n/a,n/a,n/a,n/a,5 day average of  weekday integrated loads for the period ending the day before an event,no,Payment or billing credit will be given to the customer. Determined by applying the agreed upon selling price to the purchase quantity. (Purchase quantity depends on the difference between the company's actual load and its CLR). ,Must have a load of at least 500 kW in the summer 
Electric Rate Savings Tier 1 (North Dakota),https://mn.my.xcelenergy.com/s/business/rate-plans/electric-rate-savings,program ,ND,SPP,SWPP,Xcel Energy,elec,any,non_economic,west,year_round,1,12,any ,n/a,n/a,n/a,n/a,n/a,n/a,n/a,n/a,n/a,150,day_of,n/a,n/a,n/a,yes,Penalty for not curtailing is $8 per kW in excess of predetermined demand level. Discount is applied to controllable demand (higher discount for summer). ,Must be able to reduce load by at least 50 kW
Electric Rate Savings Tier 2 (North Dakota),https://mn.my.xcelenergy.com/s/business/rate-plans/electric-rate-savings,program ,ND,SPP,SWPP,Xcel Energy,elec,any,non_economic,west,year_round,1,12,any ,n/a,n/a,n/a,4,8,n/a,n/a,n/a,n/a,150,day_of,n/a,n/a,n/a,yes,Penalty for not curtailing is $10 per kW in excess of predetermined demand level. Discount is applied to controllable demand (higher discount for summer),Must be able to reduce load by at least 50 kW
Demand Response Resources Program (North Dakota) ,https://cpowerenergymanagement.com/wp-content/uploads/2019/11/MDU_Snapshot_Nov2019.pdf,program ,ND,SPP,SWPP,CPower and Montana-Dakota Utilities Co.,elec,any,economic,west,year_round,1,12,any ,n/a,n/a,n/a,n/a,4,n/a,n/a,n/a,n/a,50,day_of,n/a,1,n/a,no,Capacity payment based on customer's nomination ($35 per kW-year annual payment). Energy payment of $0.20 per kWh reduced for the first 4 hours of an event If there have been less than 50 hours dispatched for the year. Proportional penalty if load reduction falls below 50% of the customer's nomination. ,Must be able to reduce at least 50 kW of load
Interruptible Large Power Demand Response (North Dakota) ,https://www.montana-dakota.com/wp-content/uploads/PDFs/Rates-Tariffs/Montana/Electric/MTElectric38.pdf,rate ,ND,SPP,SWPP,Montana-Dakota Utilities Co. ,elec,any,n/a,west,year_round,1,12,any ,n/a,n/a,n/a,n/a,n/a,n/a,n/a,n/a,n/a,100,day_of,n/a,0.167,n/a,no,Reinbursment price for load curtailment will be agreed upon between the customer and the company. Penalty for non-performance will be ~$10.00 per kW of non-performance. ,Must have a demand of at least 500kW 
Flex Peak (Oregon),https://www.idahopower.com/energy-environment/ways-to-save/savings-for-your-business/flex-peak/,program,OR,other,IPCO,Idaho Power ,elec,any,non_economic,west,summer,6,9,weekdays ,n/a,n/a,n/a,2,4,15,22,n/a,n/a,60,day_of ,n/a,4,n/a,yes,"Average season performance percentage is calculated by dividing average load reduction by the average event week nomination. Fixed capacity payment rate depends on the range of average season performance percentage that the customer falls within (this number is multiplied by the number of weeks in the season). After the first 4 events of the season, a variable payment of $0.20 kWh is possible to receive. ",Must be able to reduce at least 20 kW during an event and have at least 3 events per season
Electric Rate Savings Tier 1 (South Dakota),https://mn.my.xcelenergy.com/s/business/rate-plans/electric-rate-savings,program ,SD,MISO,MISO,Xcel Energy,elec,any,non_economic,west,year_round,1,12,any ,n/a,n/a,n/a,n/a,n/a,n/a,n/a,n/a,n/a,150,day_of,n/a,n/a,n/a,yes,Penalty for not curtailing is $8 per kW in excess of predetermined demand level. Discount is applied to controllable demand (higher discount for summer). ,Must be able to reduce load by at least 50 kW
Electric Rate Savings Tier 2 (South Dakota),https://mn.my.xcelenergy.com/s/business/rate-plans/electric-rate-savings,program ,SD,MISO,MISO,Xcel Energy,elec,any,non_economic,west,year_round,1,12,any ,n/a,n/a,n/a,4,8,n/a,n/a,n/a,n/a,150,day_of,n/a,n/a,n/a,yes,Penalty for not curtailing is $10 per kW in excess of predetermined demand level. Discount is applied to controllable demand (higher discount for summer),Must be able to reduce load by at least 50 kW
Irrigation Load Control Program (Utah),https://www.rockymountainpower.net/savings-energy-choices/business/irrigation-load-control.html,program ,UT,other,PACW,Rocky Mountain Power,elec,irrigation ,non_economic,west,summer,6,8,weekdays ,n/a,n/a,n/a,1,4,14,21,n/a,n/a,52,day_of,n/a,4,"Rather than a baseline calculation, performance is determined by if the pump is fully shut off during an event. ",no,Payment is determined by multiplying avg load a customer can shut off by the incentive rate (this is set based on the customer's expected average kW per pump). 20% bonus for if an event lasts until 9pm,Must be on schedule 10 with Rocky Mountain Power
Voluntary Load Curtailment Rider (Washington) ,https://www.pse.com/-/media/Project/PSE/Portal/Rate-documents/Electric/elec_sch_093.pdf,rate ,WA,CAISO,PSEI,Puget Sound Energy ,elec,any,n/a,west,year_round,1,12,any ,n/a,n/a,n/a,1,n/a,n/a,n/a,n/a,n/a,n/a,day_ahead,9,n/a,Average consumption (per hour) for the corresponding hour of the previous two weeks,no,Billing credits calculated by the formula: 0.5 x ((Offer price x loss factor) - base schedule energy charge) x curtailed energy. Customers pay a penalty for failing to curtail their nominated amount (they don't have to pay if it is their first curtailment period). ,Must be able to curtail at least 500kW over the course of one hour 
Connected Solutions (Daily) (Connecticut),https://www.eversource.com/content/business/save-money-energy/energy-efficiency-programs/demand-response,program ,CT,ISONE,ISNE,Eversource,elec,any,both,northeast,summer,6,9,any ,n/a,60,n/a,2,3,15,20,n/a,n/a,n/a,day_ahead,n/a,24,n/a,no,Payments of $200 per kW reduced each season ,Business of all sizes welcome
Connected Solutions (Targeted) (Connecticut),https://www.eversource.com/content/business/save-money-energy/energy-efficiency-programs/demand-response,program ,CT,ISONE,ISNE,Eversource,elec,any,both,northeast,summer,6,9,any ,n/a,8,n/a,2,3,15,20,n/a,n/a,n/a,day_ahead,n/a,24,n/a,no,Payments of $35 per average kW reduced each season and a bonus of $10 per kW across weekend events ,Business of all sizes welcome
Peak Energy Savings Credit (Delaware),https://www.delmarva.com/ways-to-save/for-your-business/delaware/peak-energy-savings-credit,program ,DE,PJM,PJM,Delmarva Power,elec,any,non_economic,northeast,summer,6,9,any ,n/a,n/a,n/a,n/a,n/a,12,20,n/a,n/a,n/a,day_ahead,n/a,24,Average of the three days with the highest energy usage during the past 30 days (not including the day before a peak savings day or weekends or holidays) ,no,Billing credit of $1.25 per kW reduced below baseline,"No enrollment needed, usually small companies"
Capacity Performance Program (Maryland) ,"https://cpowerenergy.com/pjm-capacity-performance/#:~:text=PJM's%20Capacity%20Performance%20program%20helps,when%20the%20grid%20is%20stressed.",program ,MD,PJM,PJM,PJM,elec,any,non_economic,northeast,year_round,1,12,any ,n/a,10,n/a,n/a,6,n/a,n/a,n/a,n/a,n/a,day_ahead,n/a,1,n/a,yes,"Payment for load reduction (based on the 2023-2024 year) range from $15,000 - $20,000 per MW. Participants can also receive energy payments, and there are ""substantial"" penalties for not reducing load. ",Must reside in PJM jusrisdiction 
Connected Solutions Summer Targeted Dispatch (Massachusetts),https://www.nationalgridus.com/media/pdfs/bus-ways-to-save/connectedsolutions-ciprogrammaterials.pdf,program ,MA,ISONE,ISNE,National Grid,elec,any,non_economic,northeast,summer,6,9,weekdays,n/a,8,n/a,3,3,14,19,n/a,n/a,n/a,day_ahead,13,n/a,Looks at the customer's previous 10 similar days (no holidays or event days) ,no,Payment of $35 per kW for weekdays and an added $10 per kW on weekends. Also $1500 flat incentive to pay for required metering. ,"Must pay into energy efficiency fund and must be a customer of Unitil, National Grid, or Eversource"
Connected Solutions Daily Dispatch (Massachusetts),https://www.nationalgridus.com/media/pdfs/bus-ways-to-save/connectedsolutions-ciprogrammaterials.pdf,program ,MA,ISONE,ISNE,National Grid,elec,any,non_economic,northeast,summer,6,9,any ,n/a,60,n/a,2,3,14,19,n/a,n/a,n/a,day_ahead,13,n/a,Looks at the customer's previous 10 similar days (no holidays or event days) ,no,Payment of $200 per kW. Also $1500 flat incentive to pay for required metering. ,"Must pay into energy efficiency fund and must be a customer of Unitil, National Grid, or Eversource"
Connected Solutions Targeted Summer Dispatch (New Hampshire) ,https://unitil.com/sites/default/files/2022-04/CI-DemandResponse-ProgramMaterials-Unitil-FINAL-04-04-2022_0.pdf,program ,NH,ISONE,ISNE,Unitil,elec,any,non_economic,northeast,summer,6,9,weekdays,n/a,8,n/a,3,3,14,19,n/a,n/a,n/a,day_ahead,14,n/a,Looks at the customer's previous 10 similar days (no holidays or event days) ,no,Payment of $35 per kW reduced. ,"Must pay into energy efficiency fund and must be a customer of Unitil, National Grid, or Eversource"
Distribution Load Relief Program (New Jersey),https://www.oru.com/en/save-money/rebates-incentives-credits/new-york-customers/incentives-for-business-customers-ny/demand-response-incentives,program ,NJ,PJM,PJM,Orange and Rockland,elec,any,non_economic,northeast,summer,5,9,any ,n/a,n/a,n/a,4,n/a,6,24,n/a,n/a,n/a,day_of,n/a,2,"Uses ""Customer Baseline Load Procedure""",no,Payment of $3 per kW per month for customers in tier 1 locations. $5 per kW per month for customers in tier 2 locations. Also receive energy perfromance payments of $0.50 per kWh reduced. ,Must adhere to the rules
Distribution Load Relief Program (Contingency) (New York),https://cdne-dcxprod-sitecore.azureedge.net/-/media/files/coned/documents/save-energy-money/rebates-incentives-tax-credits/smart-usage-rewards/smart-usage-program-guidelines.pdf?rev=117ab08853f444b3b7e9e49f2e0a9b3f&hash=63B3AD409A1AB967B93D0DA50DF01576,program ,NY,NYISO,NYISO,conEdison,elec,any,non_economic,northeast,summer,5,9,any ,n/a,n/a,n/a,4,n/a,6,24,n/a,n/a,n/a,day_of,n/a,2,Average of the hourly usage of the top five days within the past 10 eligible days. ,yes,Tier 1 customers can make $18 per kW monthly and Tier 2 customers can make $25 per kW monthly. Also eligible for energy payment of $1 per kWh.,Must be able to curtail at least 50kW of load. 
Distribution Load Relief Program (Immediate) (New York),https://cdne-dcxprod-sitecore.azureedge.net/-/media/files/coned/documents/save-energy-money/rebates-incentives-tax-credits/smart-usage-rewards/smart-usage-program-guidelines.pdf?rev=117ab08853f444b3b7e9e49f2e0a9b3f&hash=63B3AD409A1AB967B93D0DA50DF01577,program ,NY,NYISO,NYISO,conEdison,elec,any,non_economic,northeast,summer,5,9,any ,n/a,n/a,n/a,4,n/a,6,24,n/a,n/a,n/a,day_of,n/a,0,Average of the hourly usage of the top five days within the past 10 eligible days. ,yes,Tier 1 customers can make $18 per kW monthly and Tier 2 customers can make $25 per kW monthly. Also eligible for energy payment of $1 per kWh.,Must be able to curtail at least 50kW of load. 
Commercial and Industrial Demand Response Program (Pennsylvania) ,https://cpowerenergy.com/wp-content/uploads/2017/01/FIRST_ENERGY_WEB_DOWNLOAD_7.pdf,program ,PA,PJM,PJM,FirstEnergy,elec,any,both,northeast,summer,6,9,weekdays,n/a,6,n/a,4,4,n/a,n/a,n/a,n/a,n/a,day_ahead,9:45,n/a,n/a,no,n/a,"Only for commercial customers of FirstEnergy  (Met-Ed, Penn Power, and West Penn Power) "
Curtailable Load Rider (Day Ahead) (Vermont) ,https://greenmountainpower.com/wp-content/uploads/2016/09/Curtailable-Load-Rider-Jan-3-2019.pdf,rate,VT,ISONE,ISNE,Green Mountain Power,elec,any,both,northeast,year_round,1,12,weekdays,1,n/a,n/a,4,8,6,23,n/a,n/a,n/a,day_ahead,15,n/a,Base demand and base enrgy are determined in October of the program year. ,no,"Original energy  rate will be that of the tou rate 63/65, but if load is curtailed enough during events, thye will be billed for their reduced demand. ",Must be able to curtail 25% of load during events 
Curtailable Load Rider (Emergency ) (Vermont) ,https://greenmountainpower.com/wp-content/uploads/2016/09/Curtailable-Load-Rider-Jan-3-2019.pdf,rate,VT,ISONE,ISNE,Green Mountain Power,elec,any,both,northeast,year_round,1,12,weekdays,1,n/a,n/a,4,8,6,23,n/a,n/a,n/a,day_of,n/a,1,Base demand and base enrgy are determined in October of the program year. ,no,"Original energy  rate will be that of the tou rate 63/65, but if load is curtailed enough during events, thye will be billed for their reduced demand. ",Must be able to curtail 25% of load during events 
TVA-Enel X Demand Response Program (Virginia) ,https://www.enelx.com/content/dam/local-northamerica/resources/brochures/pdfs/P14126_faq_tva.pdf,n/a,VA,PJM,PJM,enel X,elec,any,non_economic,northeast,year_round,1,12,any ,n/a,n/a,n/a,n/a,n/a,5,20,n/a,n/a,n/a,day_of,n/a,0.5,n/a,no,n/a,Tennessee Valley Authority customers. 
Capacity Performance Program (Washington DC) ,"https://cpowerenergy.com/pjm-capacity/#:~:text=PJM%20Capacity%20Program%20Snapshot,last%204%20hours%20on%20average.",n/a,DC,PJM,PJM,PJM,elec,any,non_economic,northeast,year_round,1,12,any ,n/a,10,n/a,n/a,6,n/a,n/a,n/a,n/a,n/a,day_ahead,n/a,1,n/a,yes,"Payment for load reduction (based on the 2023-2024 year) range from $15,000 - $20,000 per MW. Participants can also receive energy payments, and there are ""substantial"" penalties for not reducing load. ",Must reside in PJM jusrisdiction 
Capacity Performance Program (West Virginia) ,"https://cpowerenergy.com/pjm-capacity/#:~:text=PJM%20Capacity%20Program%20Snapshot,last%204%20hours%20on%20average.",n/a,WV,PJM,PJM,PJM,elec,any,non_economic,northeast,year_round,1,12,any ,n/a,10,n/a,n/a,6,n/a,n/a,n/a,n/a,n/a,day_ahead,n/a,1,n/a,yes,"Payment for load reduction (based on the 2023-2024 year) range from $10,000 - $15,000 per MW. Participants can also receive energy payments, and there are ""substantial"" penalties for not reducing load. ",Must reside in PJM jusrisdiction 
Non-Firm Capacity Interruptible Credit Option 1 (Alabama),https://www.alabamapower.com/content/dam/alabama-power/pdfs-docs/Rates/NON-FIRM%20OPTIONS.pdf,n/a,AL,other,SOCO,Alabama Power,elec,any,n/a,southeast,year_round,1,12,any ,n/a,n/a,12,n/a,8,n/a,n/a,n/a,n/a,100,n/a,n/a,n/a,n/a,no,n/a,n/a
Non-Firm Capacity Interruptible Credit Option 2 (Alabama),https://www.alabamapower.com/content/dam/alabama-power/pdfs-docs/Rates/NON-FIRM%20OPTIONS.pdf,n/a,AL,other,SOCO,Alabama Power,elec,any,n/a,southeast,year_round,1,12,any ,n/a,n/a,4,n/a,8,n/a,n/a,n/a,n/a,50,n/a,n/a,n/a,n/a,no,n/a,n/a
"Optional Interruptible Service Rider (summer, day ahead) (Arkansas) ",https://www.entergy-arkansas.com/userfiles/content/price/tariffs/eal_ois.pdf,n/a,AR,MISO,MISO,Entergy Arkansas,elec,any,both,southeast,summer,6,9,weekdays,n/a,n/a,10,n/a,4,13,20,1,n/a,n/a,day_ahead,16:30,n/a,n/a,no,n/a,"Must have at least 100kW of interruptible power, but no more that 100 MW."
"Optional Interruptible Service Rider (other months, day ahead) (Arkansas) ",https://www.entergy-arkansas.com/userfiles/content/price/tariffs/eal_ois.pdf,n/a,AR,MISO,MISO,Entergy Arkansas,elec,any,both,southeast,winter,10,5,weekdays,n/a,n/a,10,n/a,3,7,18,2,n/a,n/a,day_ahead,16:30,n/a,n/a,no,n/a,"Must have at least 100kW of interruptible power, but no more that 100 MW."
"Optional Interruptible Service Rider (summer, emergency) (Arkansas) ",https://www.entergy-arkansas.com/userfiles/content/price/tariffs/eal_ois.pdf,n/a,AR,MISO,MISO,Entergy Arkansas,elec,any,both,southeast,summer,6,9,weekdays,n/a,n/a,10,n/a,4,13,20,1,n/a,n/a,day_of,n/a,0.5,n/a,no,n/a,"Must have at least 100kW of interruptible power, but no more that 100 MW."
"Optional Interruptible Service Rider (other months, emergency) (Arkansas) ",https://www.entergy-arkansas.com/userfiles/content/price/tariffs/eal_ois.pdf,n/a,AR,MISO,MISO,Entergy Arkansas,elec,any,both,southeast,winter,10,5,weekdays,n/a,n/a,10,n/a,3,7,18,2,n/a,n/a,day_of,n/a,0.5,n/a,no,n/a,"Must have at least 100kW of interruptible power, but no more that 100 MW."
Load Management Standard Offer Program (Texas),https://tnmpefficiency.com/downloads/TNMP%202018%20LM%20Program%20Manual.pdf,n/a,TX,ERCOT,ERCO,TNMP,elec,any,non_economic,southeast,summer,6,9,weekdays,n/a,4,n/a,n/a,4,13,19,n/a,n/a,n/a,day_of,n/a,0.5,Baseline is calculated using Texas Technical Reference Manual (TRM) 5.0 Vol 4 MV Protocols.,no,Annual payment of $40 per kW reduced. ,Must be able to reduce at least 200 kW of demand. 
Commercial Demand Reduction (normal) (Florida),https://www.energy.gov/sites/default/files/2024-05/femp-utilities-open-house_fpl.pdf,n/a,FL,other,FPL,Florida Power and Lights,elec,any,non_economic,southeast,summer,1,12,weekdays,n/a,25,n/a,3,6,n/a,n/a,n/a,n/a,n/a,day_of,n/a,4,n/a,yes,Monthly billing credits of $8.70/kW. Penalty of $1.13/kW for excess kW above contracted firm demand. ,Must be able to shed at least 200kW of load 
Commercial Demand Reduction (emergency) (Florida),https://www.energy.gov/sites/default/files/2024-05/femp-utilities-open-house_fpl.pdf,n/a,FL,other,FPL,Florida Power and Lights,elec,any,non_economic,southeast,summer,1,12,weekdays,n/a,26,n/a,3,6,n/a,n/a,n/a,n/a,n/a,day_of,n/a,0.25,n/a,yes,Monthly billing credits of $8.70/kW. Penalty of $1.13/kW for excess kW above contracted firm demand. ,Must be able to shed at least 200kW of load 
Demand Plus Energy Credit Rider (Georgia),https://www.georgiapower.com/content/dam/georgia-power/pdfs/business-pdfs/rates-schedules/13.00-dpec.pdf,n/a,GA,other,SOCO,Georgia Power,elec,any,non_economic,southeast,summer,6,9,weekdays,n/a,n/a,n/a,n/a,8,12,20,n/a,n/a,100,day_of,n/a,0.5,"In the summer months, the baseline demand is averaged over non-holiday, non event weekdays between 12pm and 8pm. During other months, it is averaged over all hours of the day. ",no,"Monthly billing credit: If contracted on or after 7/1/13, demand credit of $1.75 per kW and energy credit of $0.1175 per kWh. If contracted before 7/1/13 (with no interruption in contract), demand credit of $6.25 per kW and energy credit of $0.09 per kWh. ",Must be able to reduce load by at least 200kW 
Voluntary Load Reduction (Illinois) ,https://azure-na-assets.contentstack.com/v3/assets/blt3ebb3fed6084be2a/blt149be9c4c0a0a859/6696830809616b047cbb4b1a/VLR_DM_Curtailment_Peak_Times_2024_ADA.pdf?branch=prod_alias,n/a,IL,PJM,PJM,ComEd,elec,any,non_economic,midwest,year_round,1,12,any ,n/a,n/a,n/a,2,8,n/a,n/a,n/a,n/a,n/a,day_of,n/a,1,Baseline is determined by the average of the past 5 business days actual energy usage,no,Can earn payment of billing credits of $0.25 per kWh curtailed energy ,Must be able to reduce demand by at least 10 kW
PowerShare Call Option Economic ( summer 0/5) (Indiana),https://www.duke-energy.com/business/products/powershare,n/a,IN,PJM,PJM,Duke Energy,elec,any,economic,midwest,summer,6,8,weekdays,n/a,n/a,n/a,4,8,13,19,n/a,n/a,n/a,day_of,n/a,4,Average load during exposure periods for past days…? ,no,Monthly capacity rate of $12 per kW reduced per year and $0.05 per kWh reduced during events. Buy-through charge penalty ,Must be able to curtail at least 100kW of load
"PowerShare Call Option Economic ( 0/16, winter, morning) (Indiana)",https://www.duke-energy.com/business/products/powershare,n/a,IN,PJM,PJM,Duke Energy,elec,any,economic,midwest,winter,11,5,weekdays,n/a,n/a,n/a,4,8,6,11,n/a,n/a,n/a,day_of,n/a,4,Average load during exposure periods for past days…? ,no,Monthly capacity rate of $33 per kW reduced per year and $0.05 per kWh reduced during events. Buy-through charge penalty ,Must be able to curtail at least 100kW of load
"PowerShare Call Option Economic (160h/16, winter, morning) (Indiana)",https://www.duke-energy.com/business/products/powershare,n/a,IN,PJM,PJM,Duke Energy,elec,any,economic,midwest,winter,11,5,weekdays,n/a,n/a,n/a,4,8,6,11,n/a,n/a,160,day_of,n/a,4,Average load during exposure periods for past days…? ,no,Monthly capacity rate of $42 per kW reduced per year and $0.05 per kWh reduced during events. Buy-through charge penalty ,Must be able to curtail at least 100kW of load
"PowerShare Call Option Economic (0/16, winter, evening) (Indiana)",https://www.duke-energy.com/business/products/powershare,n/a,IN,PJM,PJM,Duke Energy,elec,any,economic,midwest,winter,11,5,weekdays,n/a,n/a,n/a,4,8,17,22,n/a,n/a,n/a,day_of,n/a,4,Average load during exposure periods for past days…? ,no,Monthly capacity rate of $33 per kW reduced per year and $0.05 per kWh reduced during events. Buy-through charge penalty ,Must be able to curtail at least 100kW of load
"PowerShare Call Option Economic (160h/16, winter, evening) (Indiana)",https://www.duke-energy.com/business/products/powershare,n/a,IN,PJM,PJM,Duke Energy,elec,any,economic,midwest,winter,11,5,weekdays,n/a,n/a,n/a,4,8,17,22,n/a,n/a,160,day_of,n/a,4,Average load during exposure periods for past days…? ,no,Monthly capacity rate of $42 per kW reduced per year and $0.05 per kWh reduced during events. Buy-through charge penalty ,Must be able to curtail at least 100kW of load
"PowerShare Call Option Emergency (summer, 0/5) (Indiana)",https://www.duke-energy.com/business/products/powershare,n/a,IN,PJM,PJM,Duke Energy,elec,any,non_economic,midwest,summer,6,8,any ,n/a,5,n/a,n/a,4,n/a,n/a,n/a,n/a,n/a,day_of,n/a,2,Average load during exposure periods for past days…? ,no,Monthly capacity rate of $12 per kW reduced per year and $0.05 per kWh reduced during events. Penalty charge for noncompliance ,Must be able to curtail at least 100kW of load
PowerShare Call Option Emergency (0/16) (Indiana),https://www.duke-energy.com/business/products/powershare,n/a,IN,PJM,PJM,Duke Energy,elec,any,non_economic,midwest,year_round,1,12,any ,n/a,16,n/a,n/a,4,n/a,n/a,n/a,n/a,n/a,day_of,n/a,2,Average load during exposure periods for past days…? ,no,Monthly capacity rate of $33 per kW reduced per year and $0.05 per kWh reduced during events. Penalty charge for noncompliance ,Must be able to curtail at least 100kW of load
PowerShare Call Option Emergency (160h/16) (Indiana),https://www.duke-energy.com/business/products/powershare,n/a,IN,PJM,PJM,Duke Energy,elec,any,non_economic,midwest,year_round,1,12,any ,n/a,16,n/a,n/a,4,n/a,n/a,n/a,n/a,n/a,day_of,n/a,2,Average load during exposure periods for past days…? ,no,Monthly capacity rate of $42 per kW reduced per year and $0.05 per kWh reduced during events. Penalty charge for noncompliance ,Must be able to curtail at least 100kW of load
PowerShare Quote Option (Indiana),https://www.duke-energy.com/business/products/powershare,n/a,IN,PJM,PJM,Duke Energy,elec,any,non_economic,midwest,year_round,1,12,any ,n/a,n/a,n/a,n/a,n/a,n/a,n/a,n/a,n/a,n/a,day_of,n/a,n/a,Average load during exposure periods for past days…? ,no,"Market price-based incentive for load reduced hourly, no penalty",Must be able to curtail at least 100kW of load
Interruptible Service Option (Condition 1)  (Iowa),https://www.alliantenergy.com/-/media/alliant/documents/accountandbilling/ratesandtariffs/iowaelectricrates/riderintservinterruptibleserviceoption.pdf?la=en&hash=4CEE0C4365B703A397314320DB013F00,n/a,IA,MISO,MISO,Alliant Energy,elec,any,non_economic,midwest,year_round,1,12,any ,n/a,n/a,n/a,n/a,n/a,n/a,n/a,n/a,n/a,n/a,day_of,n/a,0,Billing credits are calculated using the positive difference between billing demand/actual demand and the firm demand ,no,Bill credit of $8.21 per kW reduced. Penalty of $26.27 per kW excess over firm contract demand and will double for non-compliance in subsequent months. ,Must be able to reduce loads by 200kW 
"Interruptible Service Option (Conditions 2,3, and 4)  (Iowa)",https://www.alliantenergy.com/-/media/alliant/documents/accountandbilling/ratesandtariffs/iowaelectricrates/riderintservinterruptibleserviceoption.pdf?la=en&hash=4CEE0C4365B703A397314320DB013F01,n/a,IA,MISO,MISO,Alliant Energy,elec,any,both,midwest,year_round,1,12,any ,n/a,n/a,n/a,n/a,n/a,n/a,n/a,n/a,n/a,n/a,day_of,n/a,2,Billing credits are calculated using the positive difference between billing demand/actual demand and the firm demand ,no,Bill credit of $8.21 per kW reduced. Buy through cost for conditions 2 and 3. Penalty of $26.27 per kW excess over firm contract demand and will double for non-compliance in subsequent months.  ,Must be able to reduce loads by 200kW 
Peak Load Management Demand Reduction (Kentucky),https://www.duke-energy.com/_/media/pdfs/rates/ky/sheetnokye77riderplm.pdf?la=en,n/a,KY,PJM,PJM,Duke Energy,elec,any,non_economic,southeast,year_round,1,12,any ,n/a,n/a,n/a,n/a,n/a,n/a,n/a,n/a,n/a,n/a,n/a,n/a,n/a,Must reduce demand to a demand firm level agreed upon with the company,no,Bill credit structure will be determined by the company . Customer will be charged for all usage above firm load levelat $10.00 per kWh if buy-through energy is unavailable. ,Must have billing period max 15-min demand of less than 500kW
Peak Load Management Energy Reduction Below Baseline (Kentucky),https://www.duke-energy.com/_/media/pdfs/rates/ky/sheetnokye77riderplm.pdf?la=en,n/a,KY,PJM,PJM,Duke Energy,elec,any,non_economic,southeast,year_round,1,12,any ,n/a,n/a,n/a,n/a,n/a,n/a,n/a,n/a,n/a,n/a,n/a,n/a,n/a,Agreed upon between customer and company,no,"""Energy buy back price quotes"" will be provided by the company and will be payment for reducing load below baseline. (Customer will provide estimated load reduction value). ",Must have billing period max 15-min demand of less than 500kW
Interruptible Supple Rate (Michigan) ,https://www.dteenergy.com/content/dam/dteenergy/deg/website/business/service-and-price/pricing/rate-options/InterruptibleSupplyAgreementD8.pdf,n/a,MI,MISO,MISO,DTE Energy,elec,any,both,midwest,year_round,1,12,any ,n/a,n/a,n/a,n/a,n/a,n/a,n/a,n/a,n/a,n/a,day_of,n/a,1,n/a,no,"Penalty for non-compliance is $50 per kW for the highest 1-hour integrated interruptible demand or ""the actual damages incurred by the company"" (whichever is higher). Credit of $0.30 per kW and $0.0004 per kWh where service above sub-transmission level is required and they provide equipment. ",Must have interruptible load of at least 50kW but no more than 300MW
TVA-Enel X Demand Response Program (Mississippi) ,https://www.enelx.com/n-a/en/resources/brochures/tennessee-valley-authority-demand-response,n/a,MS,MISO,MISO,enel X,elec,any,non_economic,southeast,year_round,1,12,any ,n/a,n/a,n/a,n/a,n/a,5,20,n/a,n/a,n/a,day_of,n/a,0.5,n/a,no,n/a,Tennessee Valley Authority customers. 
Business Demand Response Program (Missouri),https://www.evergy.com/ways-to-save/incentives/demand-response,n/a,MO,SPP,SWPP,Evergy,elec,any,non_economic,midwest,summer,n/a,n/a,weekdays,n/a,20,n/a,n/a,10,10,20,n/a,n/a,n/a,n/a,n/a,n/a,n/a,no,Earn $28 per kW commited and curtailed (on average over the summer). This price is adjusted based on performance.,Must be able to curtail demand by 25kW 
PowerShare Call Option Economic ( summer 0/5) (North Carolina),https://www.duke-energy.com/business/products/powershare,n/a,NC,other,CPLW,Duke Energy,elec,any,economic,southeast,summer,6,8,weekdays,n/a,n/a,n/a,4,8,13,19,n/a,n/a,n/a,day_of,n/a,4,Average load during exposure periods for past days…? ,no,Monthly capacity rate of $12 per kW reduced per year and $0.05 per kWh reduced during events. Buy-through charge penalty ,Must be able to curtail at least 100kW of load
"PowerShare Call Option Economic ( 0/16, winter, morning) (North Carolina)",https://www.duke-energy.com/business/products/powershare,n/a,NC,other,DUK,Duke Energy,elec,any,economic,southeast,winter,11,5,weekdays,n/a,n/a,n/a,4,8,6,11,n/a,n/a,n/a,day_of,n/a,4,Average load during exposure periods for past days…? ,no,Monthly capacity rate of $33 per kW reduced per year and $0.05 per kWh reduced during events. Buy-through charge penalty ,Must be able to curtail at least 100kW of load
"PowerShare Call Option Economic (160h/16, winter, morning) (North Carolina)",https://www.duke-energy.com/business/products/powershare,n/a,NC,other,DUK,Duke Energy,elec,any,economic,southeast,winter,11,5,weekdays,n/a,n/a,n/a,4,8,6,11,n/a,n/a,160,day_of,n/a,4,Average load during exposure periods for past days…? ,no,Monthly capacity rate of $42 per kW reduced per year and $0.05 per kWh reduced during events. Buy-through charge penalty ,Must be able to curtail at least 100kW of load
"PowerShare Call Option Economic (0/16, winter, evening) (North Carolina)",https://www.duke-energy.com/business/products/powershare,n/a,NC,other,DUK,Duke Energy,elec,any,economic,southeast,winter,11,5,weekdays,n/a,n/a,n/a,4,8,17,22,n/a,n/a,n/a,day_of,n/a,4,Average load during exposure periods for past days…? ,no,Monthly capacity rate of $33 per kW reduced per year and $0.05 per kWh reduced during events. Buy-through charge penalty ,Must be able to curtail at least 100kW of load
"PowerShare Call Option Economic (160h/16, winter, evening) (North Carolina)",https://www.duke-energy.com/business/products/powershare,n/a,NC,other,DUK,Duke Energy,elec,any,economic,southeast,winter,11,5,weekdays,n/a,n/a,n/a,4,8,17,22,n/a,n/a,160,day_of,n/a,4,Average load during exposure periods for past days…? ,no,Monthly capacity rate of $42 per kW reduced per year and $0.05 per kWh reduced during events. Buy-through charge penalty ,Must be able to curtail at least 100kW of load
"PowerShare Call Option Emergency (summer, 0/5) (North Carolina)",https://www.duke-energy.com/business/products/powershare,n/a,NC,other,DUK,Duke Energy,elec,any,non_economic,southeast,summer,6,8,any ,n/a,5,n/a,n/a,4,n/a,n/a,n/a,n/a,n/a,day_of,n/a,2,Average load during exposure periods for past days…? ,no,Monthly capacity rate of $12 per kW reduced per year and $0.05 per kWh reduced during events. Penalty charge for noncompliance ,Must be able to curtail at least 100kW of load
PowerShare Call Option Emergency (0/16) (North Carolina),https://www.duke-energy.com/business/products/powershare,n/a,NC,other,DUK,Duke Energy,elec,any,non_economic,southeast,year_round,1,12,any ,n/a,16,n/a,n/a,4,n/a,n/a,n/a,n/a,n/a,day_of,n/a,2,Average load during exposure periods for past days…? ,no,Monthly capacity rate of $33 per kW reduced per year and $0.05 per kWh reduced during events. Penalty charge for noncompliance ,Must be able to curtail at least 100kW of load
PowerShare Call Option Emergency (160h/16) (North Carolina),https://www.duke-energy.com/business/products/powershare,n/a,NC,other,DUK,Duke Energy,elec,any,non_economic,southeast,year_round,1,12,any ,n/a,16,n/a,n/a,4,n/a,n/a,n/a,n/a,n/a,day_of,n/a,2,Average load during exposure periods for past days…? ,no,Monthly capacity rate of $42 per kW reduced per year and $0.05 per kWh reduced during events. Penalty charge for noncompliance ,Must be able to curtail at least 100kW of load
PowerShare Quote Option (North Carolina),https://www.duke-energy.com/business/products/powershare,n/a,NC,other,DUK,Duke Energy,elec,any,both,southeast,year_round,1,12,any ,n/a,n/a,n/a,n/a,n/a,n/a,n/a,n/a,n/a,n/a,day_of,n/a,n/a,Average load during exposure periods for past days…? ,no,"Market price-based incentive for load reduced hourly, no penalty",Must be able to curtail at least 100kW of load
Capacity Performance Program (Ohio) ,https://www.pjm.com/markets-and-operations/demand-response.aspx ,n/a,OH,PJM,PJM,PJM,elec,any,n/a,midwest,year_round,1,12,any ,n/a,10,n/a,n/a,6,n/a,n/a,n/a,n/a,n/a,day_ahead,n/a,1,n/a,yes,"Payment for load reduction (based on the 2023-2024 year) range from $12,000 per MW. Participants can also receive energy payments, and there are ""substantial"" penalties for not reducing load. ",Must reside in PJM jusrisdiction 
Peak Performers Program (Oklahoma) ,https://powerforwardwithpso.com/wp-content/uploads/2022/06/Peak-Performers-2022-Flyer.pdf,n/a,OK,SPP,SWPP,Public Service Company of Oklahoma ,elec,any,non_economic,southeast,summer,6,9,weekdays,n/a,16,n/a,2,4,13,19,n/a,n/a,n/a,day_of,n/a,2,"I guess the company calculates the ""typical usage"" (not sure though) ",no,"One time payment (per year) of $32 per kW for ""average peak savings"" and a 5% bonus if all events were participated in. ",Businesses of all sizes are eligible 
Large Load Curtailable Rider Summer (On Peak) (South Carolina) ,https://p-cd.duke-energy.com/-/media/pdfs/for-your-home/rates/dep-sc/leaf-no-645-rider-llc.pdf?rev=a7899851489b41d5b6cf04bc47041211&_gl=1*1mqe547*_ga*MTUwOTE4Nzc4NS4xNjg0MDEyNzMx*_ga_HB58MJRNTY*MTY4NDAxMjczMC4xLjEuMTY4NDAxMzg4NS4wLjAuMA..&_ga=2.77058389.1170118256.1684012731-1509187785.1684012731,n/a,SC,other,DUK,Duke Energy,elec,any,non_economic,southeast,summer,5,9,weekdays,n/a,n/a,n/a,n/a,8,18,21,n/a,n/a,400,day_of,n/a,0.5,Reducing the load to a firm demand level during events,no,"Credits of $4.90 per kW of demonstrated curtailable demand and "" Variable Environmental & PURPA Capacity & DERP Avoided Capacity credit"" of $1.70 per kW curtailable demand. Penalty for using premium demand during a level 1 curtailment event is $2.40 per kWh and for a level 2 curtailment event is $40.00 per kW",Must be able to curtail at least 1000 kW of load
Large Load Curtailable Rider Summer (Discount Period) (South Carolina) ,https://p-cd.duke-energy.com/-/media/pdfs/for-your-home/rates/dep-sc/leaf-no-645-rider-llc.pdf?rev=a7899851489b41d5b6cf04bc47041211&_gl=1*1mqe547*_ga*MTUwOTE4Nzc4NS4xNjg0MDEyNzMx*_ga_HB58MJRNTY*MTY4NDAxMjczMC4xLjEuMTY4NDAxMzg4NS4wLjAuMA..&_ga=2.77058389.1170118256.1684012731-1509187785.1684012732,n/a,SC,other,DUK,Duke Energy,elec,any,non_economic,southeast,summer,5,9,any ,n/a,n/a,n/a,n/a,8,1,6,n/a,n/a,400,day_of,n/a,0.5,Reducing the load to a firm demand level during events,no,"Credits of $4.90 per kW of demonstrated curtailable demand and "" Variable Environmental & PURPA Capacity & DERP Avoided Capacity credit"" of $1.70 per kW curtailable demand. Penalty for using premium demand during a level 1 curtailment event is $2.40 per kWh and for a level 2 curtailment event is $40.00 per kW",Must be able to curtail at least 1000 kW of load
Large Load Curtailable Rider Non Summer (On Peak) (South Carolina) ,https://p-cd.duke-energy.com/-/media/pdfs/for-your-home/rates/dep-sc/leaf-no-645-rider-llc.pdf?rev=a7899851489b41d5b6cf04bc47041211&_gl=1*1mqe547*_ga*MTUwOTE4Nzc4NS4xNjg0MDEyNzMx*_ga_HB58MJRNTY*MTY4NDAxMjczMC4xLjEuMTY4NDAxMzg4NS4wLjAuMA..&_ga=2.77058389.1170118256.1684012731-1509187785.1684012733,n/a,SC,other,DUK,Duke Energy,elec,any,non_economic,southeast,winter,10,4,weekdays,n/a,n/a,n/a,n/a,8,1,6,n/a,n/a,400,day_of,n/a,0.5,Reducing the load to a firm demand level during events,no,"Credits of $4.90 per kW of demonstrated curtailable demand and "" Variable Environmental & PURPA Capacity & DERP Avoided Capacity credit"" of $1.70 per kW curtailable demand. Penalty for using premium demand during a level 1 curtailment event is $2.40 per kWh and for a level 2 curtailment event is $40.00 per kW",Must be able to curtail at least 1000 kW of load
"Large Load Curtailable Rider Non Summer (Discount Period, morning ) (South Carolina) ",https://p-cd.duke-energy.com/-/media/pdfs/for-your-home/rates/dep-sc/leaf-no-645-rider-llc.pdf?rev=a7899851489b41d5b6cf04bc47041211&_gl=1*1mqe547*_ga*MTUwOTE4Nzc4NS4xNjg0MDEyNzMx*_ga_HB58MJRNTY*MTY4NDAxMjczMC4xLjEuMTY4NDAxMzg4NS4wLjAuMA..&_ga=2.77058389.1170118256.1684012731-1509187785.1684012734,n/a,SC,other,DUK,Duke Energy,elec,any,non_economic,southeast,winter,10,4,any ,n/a,n/a,n/a,n/a,8,1,3,n/a,n/a,400,day_of,n/a,0.5,Reducing the load to a firm demand level during events,no,"Credits of $4.90 per kW of demonstrated curtailable demand and "" Variable Environmental & PURPA Capacity & DERP Avoided Capacity credit"" of $1.70 per kW curtailable demand. Penalty for using premium demand during a level 1 curtailment event is $2.40 per kWh and for a level 2 curtailment event is $40.00 per kW",Must be able to curtail at least 1000 kW of load
"Large Load Curtailable Rider Non Summer (Discount Period, afternoon ) (South Carolina) ",https://p-cd.duke-energy.com/-/media/pdfs/for-your-home/rates/dep-sc/leaf-no-645-rider-llc.pdf?rev=a7899851489b41d5b6cf04bc47041211&_gl=1*1mqe547*_ga*MTUwOTE4Nzc4NS4xNjg0MDEyNzMx*_ga_HB58MJRNTY*MTY4NDAxMjczMC4xLjEuMTY4NDAxMzg4NS4wLjAuMA..&_ga=2.77058389.1170118256.1684012731-1509187785.1684012735,n/a,SC,other,DUK,Duke Energy,elec,any,non_economic,southeast,winter,10,4,any ,n/a,n/a,n/a,n/a,8,11,16,n/a,n/a,400,day_of,n/a,0.5,Reducing the load to a firm demand level during events,no,"Credits of $4.90 per kW of demonstrated curtailable demand and "" Variable Environmental & PURPA Capacity & DERP Avoided Capacity credit"" of $1.70 per kW curtailable demand. Penalty for using premium demand during a level 1 curtailment event is $2.40 per kWh and for a level 2 curtailment event is $40.00 per kW",Must be able to curtail at least 1000 kW of load
Peak Shaving and Emergency Demand Response Rider (summer) (Tennessee),https://www.appalachianpower.com/lib/docs/savings/business/KingsportPSDRFinalClean.pdf,n/a,TN,other,TVA,Appalachian Power ,elec,any,non_economic,southeast,summer,5,9,weekdays,n/a,10,n/a,n/a,6,12,20,n/a,n/a,n/a,day_of,n/a,1.5,Baseline calculated from hourly demands from the highest 4 of the 5 most recent similar weekdays ,no,"Curtailment energy credit of 90% of AEP East Load Zone hourly Real-Time LMP per curtailment hour. Curtailment demand credit of either the 4 year average PJM RPM Limited Base DR Base Residual Auction Clearing price (calculated with the previous, current, and next 2 delivery years) or 70% of RPM Net CONE for the current delivery year (both in $ per kW-month). Whichever is higher. Also monthly demand and event credits. Penalty for non-compliance is an annual non-compliance charge of avergae non-compliance demand x 110% of the curtailment demand credits x 12. ",Must be able to curtail 250kW. 
Peak Shaving and Emergency Demand Response Rider (non summer) (Tennessee),https://www.appalachianpower.com/lib/docs/savings/business/KingsportPSDRFinalClean.pdf,n/a,TN,other,TVA,Appalachian Power ,elec,any,non_economic,southeast,winter,10,4,weekdays,n/a,10,n/a,n/a,6,14,22,n/a,n/a,n/a,day_of,n/a,1.5,Baseline calculated from hourly demands from the highest 4 of the 5 most recent similar weekdays ,no,"Curtailment energy credit of 90% of AEP East Load Zone hourly Real-Time LMP per curtailment hour. Curtailment demand credit of either the 4 year average PJM RPM Limited Base DR Base Residual Auction Clearing price (calculated with the previous, current, and next 2 delivery years) or 70% of RPM Net CONE for the current delivery year (both in $ per kW-month). Whichever is higher. Also monthly demand and event credits. Penalty for non-compliance is an annual non-compliance charge of avergae non-compliance demand x 110% of the curtailment demand credits x 12. ",Must be able to curtail 250kW. 
Commercial and Industrial Interruptible Rider Emergency Summer(Wisconsin) ,https://www.wisconsinpublicservice.com/company/wi_tariffs/CPI2.pdf,n/a,WI,MISO,MISO,Wisconsin Public Service Corporation,elec,any,non_economic,midwest,summer,n/a,n/a,any ,n/a,n/a,n/a,n/a,n/a,n/a,n/a,n/a,n/a,600,day_of,n/a,1,Reduce load to firm nomination level ,no,Billing credit of $8.039 per kW of max interruptible demand. Penalty for non-compliance is highest demand during non-complicance x annual credits x 110% or additianal power costs to company (whichever is higher) ,Must have a minimum of 200kW interruptible demand 
Commercial and Industrial Interruptible Rider Emergency Winter (Wisconsin) ,https://www.wisconsinpublicservice.com/company/wi_tariffs/CPI2.pdf,n/a,WI,MISO,MISO,Wisconsin Public Service Corporation,elec,any,non_economic,midwest,winter,n/a,n/a,any ,n/a,n/a,n/a,n/a,n/a,n/a,n/a,n/a,n/a,600,day_of,n/a,1,Reduce load to firm nomination level ,no,Billing credit of $4.020 per kW of max interruptible demand. Penalty for non-compliance is highest demand during non-complicance x annual credits x 110% or additianal power costs to company (whichever is higher) ,Must have a minimum of 200kW interruptible demand 
Commercial Load Management Program (Tier 1),https://www.oncor.com/content/dam/oncorwww/eepm/documents/commercial-resources/2023/2023%20CLM%20Program%20Manual%203-31-23.pdf.coredownload.pdf,n/a,TX,ERCOT,ERCO,Oncor,elec,any,non_economic,southeast,summer,6,9,any ,n/a,6,n/a,3,12,13,19,n/a,n/a,25,day_of,n/a,0.5,Average of the like hours from top 5 of the last 10 program days. There is a potential day-of adjustment (capped at +/- 20%) that looks at the two hours leading up to an event notification and the like hours from the same top 5 of the previous 10 program days that can adjust the baseline up or down depending on the usage on the day of the event. ,no,Earn $30/kW curtailed,Must have a minimum of 100kW curtailable load
Commercial Load Management Program (Tier 2),https://www.oncor.com/content/dam/oncorwww/eepm/documents/commercial-resources/2023/2023%20CLM%20Program%20Manual%203-31-23.pdf.coredownload.pdf,n/a,TX,ERCOT,ERCO,Oncor,elec,any,non_economic,southeast,summer,6,9,any ,n/a,6,n/a,3,12,13,19,n/a,n/a,25,day_of,n/a,0.5,Average of the like hours from top 5 of the last 10 program days. There is a potential day-of adjustment (capped at +/- 20%) that looks at the two hours leading up to an event notification and the like hours from the same top 5 of the previous 10 program days that can adjust the baseline up or down depending on the usage on the day of the event. ,no,Earn $40/kW curtailed,Must have a minimum of 100kW curtailable load
"Summer Load Management Standard Offer Program (12 events, 2 hr max)",https://aeptxsaves.com/wp-content/uploads/2024_-2025_-AEP_Texas_-LM-Manual.pdf,n/a,TX,ERCOT,ERCO,AEP Texas ,elec,any,non_economic,southeast,summer,6,9,weekdays,n/a,12,n/a,1,2,13,19,n/a,n/a,n/a,day_of,n/a,0.5,Baseline established using Texas Technical Reference Manual 11.0 Vol 4 MV Protocols,no,"Earn $35/kW (3718 kW savings cap), $25/kW (5205 kW savings cap), $20/kW (6507 kW savings cap)",Must have a minimum of 5kW of demand savings during program period
"Summer Load Management Standard Offer Program (8 events, 2 hr max)",https://aeptxsaves.com/wp-content/uploads/2024_-2025_-AEP_Texas_-LM-Manual.pdf,n/a,TX,ERCOT,ERCO,AEP Texas ,elec,any,non_economic,southeast,summer,6,9,weekdays,n/a,8,n/a,1,2,13,19,n/a,n/a,n/a,day_of,n/a,0.5,Baseline established using Texas Technical Reference Manual 11.0 Vol 4 MV Protocols,no,"Earn $35/kW (3718 kW savings cap), $25/kW (5205 kW savings cap), $20/kW (6507 kW savings cap)",Must have a minimum of 5kW of demand savings during program period
"Summer Load Management Standard Offer Program (12 events, 4 hr max)",https://aeptxsaves.com/wp-content/uploads/2024_-2025_-AEP_Texas_-LM-Manual.pdf,n/a,TX,ERCOT,ERCO,AEP Texas ,elec,any,non_economic,southeast,summer,6,9,weekdays,n/a,12,n/a,1,4,13,19,n/a,n/a,n/a,day_of,n/a,0.5,Baseline established using Texas Technical Reference Manual 11.0 Vol 4 MV Protocols,no,"Earn $35/kW (3718 kW savings cap), $25/kW (5205 kW savings cap), $20/kW (6507 kW savings cap)",Must have a minimum of 5kW of demand savings during program period
"Summer Load Management Standard Offer Program (8 events, 4 hr max)",https://aeptxsaves.com/wp-content/uploads/2024_-2025_-AEP_Texas_-LM-Manual.pdf,n/a,TX,ERCOT,ERCO,AEP Texas ,elec,any,non_economic,southeast,summer,6,9,weekdays,n/a,8,n/a,1,4,13,19,n/a,n/a,n/a,day_of,n/a,0.5,Baseline established using Texas Technical Reference Manual 11.0 Vol 4 MV Protocols,no,"Earn $35/kW (3718 kW savings cap), $25/kW (5205 kW savings cap), $20/kW (6507 kW savings cap)",Must have a minimum of 5kW of demand savings during program period
Winter Load Management Standard Offer Program,https://aeptxsaves.com/wp-content/uploads/2024_-2025_-AEP_Texas_-LM-Manual.pdf,n/a,TX,ERCOT,ERCO,AEP Texas ,elec,any,non_economic,southeast,winter,12,2,any ,n/a,4,n/a,n/a,4,13,19,n/a,n/a,n/a,day_of,n/a,0.5,Baseline established using Texas Technical Reference Manual 11.0 Vol 4 MV Protocols,no,Earn $35/kW ,Must have a minimum of 100kW of demand savings during a program period
Commercial System Relief Program (4 or less events),https://www.nyseg.com/web/nyseg/smartenergy/businesssolutions/cidemandresponse/commercial-system-relief-program,n/a,NY,NYISO,NYISO,NYSEG,elec,any,non_economic,northeast,summer,5,9,weekdays,n/a,4,n/a,4,n/a,14,16,n/a,n/a,n/a,day_ahead,n/a,21,Baseline measured using the following procedures: https://www.nyseg.com/documents/40132/5899016/NYSEG%252BDLDR%252BCalculation%252Bof%252BCBL%2B%25283%2529.pdf/66f91b2e-cea4-101d-174a-a57e6a99d838?version=1.0&t=1645136421325 ,no,Earn $4.10/kW per month,Must reduce at least 25% of peak load
Commercial System Relief Program (5 or less events),https://www.nyseg.com/web/nyseg/smartenergy/businesssolutions/cidemandresponse/commercial-system-relief-program,n/a,NY,NYISO,NYISO,NYSEG,elec,any,non_economic,northeast,summer,5,9,weekdays,n/a,5,n/a,4,n/a,14,16,n/a,n/a,n/a,day_ahead,n/a,21,Baseline measured using the following procedures: https://www.nyseg.com/documents/40132/5899016/NYSEG%252BDLDR%252BCalculation%252Bof%252BCBL%2B%25283%2529.pdf/66f91b2e-cea4-101d-174a-a57e6a99d838?version=1.0&t=1645136421325 ,no,Earn $4.35/kW per month,Must reduce at least 25% of peak load
Emergency Load Reduction Program,https://elrp.sce.com/,n/a,CA,CAISO,CISO,SCE,elec,any,non_economic,southeast,summer,5,10,any ,n/a,n/a,n/a,1,5,16,21,n/a,n/a,60,day_ahead,17,n/a,"Calculate the Customer Specific Energy Baseline (CSEB) – the CSEB is calculated on an hourly basis using the average of the immediate past similar days, excluding days when the customer: (1) was subject to an ELRP event or (2) an event for a dually-enrolled DR program (e.g. AP-I, SDP-Commercial), if applicable, or (3) was subject to a grid outage. For weekday events, the 10 non-excluded weekdays will be selected; for weekend and holiday events, the 4 non-excluded weekend and holiday days will be selected.  If the customer elects to count exports in their ILR, the baseline calculation is modified to include net of exports. Critical Peak Pricing (CPP) and Real Time Pricing (RTP) event days will not be excluded from the similar day baseline.",yes,Performance credit of $2/kWh reduced load,Must be able to reduce load by at least 1kW during an event
Capacity Bidding Program Elect (May) (Option 1) ,https://www.sce.com/factsheet/CapacityBiddingProgram,n/a,CA,CAISO,CISO,SCE,elec,any,non_economic,southeast,summer,5,5,weekdays,n/a,6,n/a,1,5,17,22,n/a,n/a,360,day_ahead,20,n/a,"Aggregated Baselines. The Aggregator must select either an unadjusted energy baseline or adjusted energy baseline for each non-residential aggregation for the operating month. If the Aggregator does not make an energy baseline selection, then the unadjusted energy baseline is the default aggregated baseline. An adjusted energy baseline is the only option for residential aggregations. The Five (5) Day Adjusted Energy Baseline (5AEB) and Three (3) Day Adjusted Energy Baseline (3AEB) options are only available to residential aggregations. All baseline calculations will exclude days in which a CBP-E Event, CBP-E Emergency Event, CBP-E Test Event, and ELRP Sub-Group B.2. event occur. ",no,($/kW per month) May: 3.78June: 10.07 July: 21.84 August: 27 September: 17.88 October: 5.41,$200/MWh Price Trigger
Capacity Bidding Program Elect (June-October) (Option 1),https://www.sce.com/factsheet/CapacityBiddingProgram,n/a,CA,CAISO,CISO,SCE,elec,any,non_economic,southeast,summer,6,10,weekdays,n/a,6,n/a,1,5,16,19,n/a,n/a,360,day_ahead,20,n/a,"Aggregated Baselines. The Aggregator must select either an unadjusted energy baseline or adjusted energy baseline for each non-residential aggregation for the operating month. If the Aggregator does not make an energy baseline selection, then the unadjusted energy baseline is the default aggregated baseline. An adjusted energy baseline is the only option for residential aggregations. The Five (5) Day Adjusted Energy Baseline (5AEB) and Three (3) Day Adjusted Energy Baseline (3AEB) options are only available to residential aggregations. All baseline calculations will exclude days in which a CBP-E Event, CBP-E Emergency Event, CBP-E Test Event, and ELRP Sub-Group B.2. event occur. ",no,($/kW per month) May: 3.78June: 10.07 July: 21.84 August: 27 September: 17.88 October: 5.42,$200/MWh Price Trigger
Capacity Bidding Program Elect (May) (Option 2),https://www.sce.com/factsheet/CapacityBiddingProgram,n/a,CA,CAISO,CISO,SCE,elec,any,non_economic,southeast,summer,5,5,weekdays,n/a,6,n/a,1,5,17,22,n/a,n/a,360,day_ahead,20,n/a,"Aggregated Baselines. The Aggregator must select either an unadjusted energy baseline or adjusted energy baseline for each non-residential aggregation for the operating month. If the Aggregator does not make an energy baseline selection, then the unadjusted energy baseline is the default aggregated baseline. An adjusted energy baseline is the only option for residential aggregations. The Five (5) Day Adjusted Energy Baseline (5AEB) and Three (3) Day Adjusted Energy Baseline (3AEB) options are only available to residential aggregations. All baseline calculations will exclude days in which a CBP-E Event, CBP-E Emergency Event, CBP-E Test Event, and ELRP Sub-Group B.2. event occur. ",no,($/kW per month) May: 3.60 June: 9.59 July: 20.80 August: 25.71 September: 17.03 October: 5.16,$400/MWh Price Trigger
Capacity Bidding Program Elect (June-October) (Option 2),https://www.sce.com/factsheet/CapacityBiddingProgram,n/a,CA,CAISO,CISO,SCE,elec,any,non_economic,southeast,summer,6,10,weekdays,n/a,6,n/a,1,5,16,19,n/a,n/a,360,day_ahead,20,n/a,"Aggregated Baselines. The Aggregator must select either an unadjusted energy baseline or adjusted energy baseline for each non-residential aggregation for the operating month. If the Aggregator does not make an energy baseline selection, then the unadjusted energy baseline is the default aggregated baseline. An adjusted energy baseline is the only option for residential aggregations. The Five (5) Day Adjusted Energy Baseline (5AEB) and Three (3) Day Adjusted Energy Baseline (3AEB) options are only available to residential aggregations. All baseline calculations will exclude days in which a CBP-E Event, CBP-E Emergency Event, CBP-E Test Event, and ELRP Sub-Group B.2. event occur. ",no,($/kW per month) May: 3.60 June: 9.59 July: 20.80 August: 25.71 September: 17.03 October: 5.17,$400/MWh Price Trigger
Capacity Bidding Program Elect (May ) (Option 3),https://www.sce.com/factsheet/CapacityBiddingProgram,n/a,CA,CAISO,CISO,SCE,elec,any,non_economic,southeast,summer,5,5,weekdays,n/a,6,n/a,1,5,17,22,n/a,n/a,360,day_ahead,20,n/a,"Aggregated Baselines. The Aggregator must select either an unadjusted energy baseline or adjusted energy baseline for each non-residential aggregation for the operating month. If the Aggregator does not make an energy baseline selection, then the unadjusted energy baseline is the default aggregated baseline. An adjusted energy baseline is the only option for residential aggregations. The Five (5) Day Adjusted Energy Baseline (5AEB) and Three (3) Day Adjusted Energy Baseline (3AEB) options are only available to residential aggregations. All baseline calculations will exclude days in which a CBP-E Event, CBP-E Emergency Event, CBP-E Test Event, and ELRP Sub-Group B.2. event occur. ",no,($/kW per month) May: 3.43 June: 9.13 July: 19.81 August: 24.49 September: 16.22 October: 4.91,$600/MWh Price Trigger
Capacity Bidding Program Elect (June-October) (Option 3),https://www.sce.com/factsheet/CapacityBiddingProgram,n/a,CA,CAISO,CISO,SCE,elec,any,non_economic,southeast,summer,6,10,weekdays,n/a,6,n/a,1,5,16,19,n/a,n/a,360,day_ahead,20,n/a,"Aggregated Baselines. The Aggregator must select either an unadjusted energy baseline or adjusted energy baseline for each non-residential aggregation for the operating month. If the Aggregator does not make an energy baseline selection, then the unadjusted energy baseline is the default aggregated baseline. An adjusted energy baseline is the only option for residential aggregations. The Five (5) Day Adjusted Energy Baseline (5AEB) and Three (3) Day Adjusted Energy Baseline (3AEB) options are only available to residential aggregations. All baseline calculations will exclude days in which a CBP-E Event, CBP-E Emergency Event, CBP-E Test Event, and ELRP Sub-Group B.2. event occur. ",no,($/kW per month) May: 3.43 June: 9.13 July: 19.81 August: 24.49 September: 16.22 October: 4.92,$600/MWh Price Trigger
Capacity Bidding Program (May),https://edisonintl.sharepoint.com/teams/Public/TM2/Shared%20Documents/Forms/AllItems.aspx?id=%2Fteams%2FPublic%2FTM2%2FShared%20Documents%2FPublic%2FRegulatory%2FTariff%2DSCE%20Tariff%20Books%2FElectric%2FSchedules%2FOther%20Rates&p=true&ga=1,n/a,CA,CAISO,CISO,SCE,elec,any,non_economic,southeast,summer,5,5,weekdays,n/a,6,n/a,1,5,17,22,1,n/a,360,day_ahead,n/a,n/a,"The Aggregator must select either energy baseline or adjusted energy baseline  an unadjusted energy baseline or adjusted energy baseline for each non-residential service account it nominates for the operating month.  If the Aggregator does not make a selection, then the unadjusted energy baseline is the default baseline. For each residential service account nominated for the operating month, an adjusted energy baseline is the only option and will be applied to each residential service account.  The Five (5) Day Adjusted Energy Baseline (5AEB) and Three (3) Day Adjusted Energy Baseline (3AEB) options are only available to residential accounts.  ",no,Credit of ($/kW-month) May: 4.59 June: 6.89 July:23.3 August: 27.19 September: 14.54 October: 2.69,n/a
Capacity Bidding Program (June - October),https://edisonintl.sharepoint.com/teams/Public/TM2/Shared%20Documents/Forms/AllItems.aspx?id=%2Fteams%2FPublic%2FTM2%2FShared%20Documents%2FPublic%2FRegulatory%2FTariff%2DSCE%20Tariff%20Books%2FElectric%2FSchedules%2FOther%20Rates&p=true&ga=1,n/a,CA,CAISO,CISO,SCE,elec,any,non_economic,southeast,summer,6,10,weekdays,n/a,6,n/a,1,5,16,21,1,n/a,360,day_ahead,n/a,n/a,"The Aggregator must select either energy baseline or adjusted energy baseline  an unadjusted energy baseline or adjusted energy baseline for each non-residential service account it nominates for the operating month.  If the Aggregator does not make a selection, then the unadjusted energy baseline is the default baseline. For each residential service account nominated for the operating month, an adjusted energy baseline is the only option and will be applied to each residential service account.  The Five (5) Day Adjusted Energy Baseline (5AEB) and Three (3) Day Adjusted Energy Baseline (3AEB) options are only available to residential accounts.  ",no,Credit of ($/kW-month) May: 4.59 June: 6.89 July:23.3 August: 27.19 September: 14.54 October: 2.70,n/a
Base Interruptible Program (Option A) (On Peak),https://edisonintl.sharepoint.com/teams/Public/TM2/Shared%20Documents/Forms/AllItems.aspx?ga=1&id=%2Fteams%2FPublic%2FTM2%2FShared%20Documents%2FPublic%2FRegulatory%2FTariff%2DSCE%20Tariff%20Books%2FElectric%2FSchedules%2FOther%20Rates%2FELECTRIC%5FSCHEDULES%5FCPP%2Epdf&parent=%2Fteams%2FPublic%2FTM2%2FShared%20Documents%2FPublic%2FRegulatory%2FTariff%2DSCE%20Tariff%20Books%2FElectric%2FSchedules%2FOther%20Rates,n/a,CA,CAISO,CISO,SCE,elec,any,non_economic,southeast,summer,6,10,weekdays,n/a,n/a,n/a,n/a,6,16,21,1,n/a,180,day_of,n/a,0.25,,no,Bill credits or payments of $29.54/kW,Service Delivered at Voltages below 2KV)
Base Interruptible Program (Option B) (On Peak),https://edisonintl.sharepoint.com/teams/Public/TM2/Shared%20Documents/Forms/AllItems.aspx?ga=1&id=%2Fteams%2FPublic%2FTM2%2FShared%20Documents%2FPublic%2FRegulatory%2FTariff%2DSCE%20Tariff%20Books%2FElectric%2FSchedules%2FOther%20Rates%2FELECTRIC%5FSCHEDULES%5FCPP%2Epdf&parent=%2Fteams%2FPublic%2FTM2%2FShared%20Documents%2FPublic%2FRegulatory%2FTariff%2DSCE%20Tariff%20Books%2FElectric%2FSchedules%2FOther%20Rates,n/a,CA,CAISO,CISO,SCE,elec,any,non_economic,southeast,summer,6,10,weekdays,n/a,n/a,n/a,n/a,6,16,21,1,n/a,180,day_of,n/a,0.5,,no,Bill credits or payments of $29.54/kW,Service Delivered at Voltages below 2KV)
